01:46:39.170 [SpringApplicationShutdownHook] INFO  org.camunda.bpm.engine.jobexecutor - ENGINE-14015 Shutting down the JobExecutor[org.camunda.bpm.engine.spring.components.jobexecutor.SpringJobExecutor]
01:46:39.186 [JobExecutor[org.camunda.bpm.engine.spring.components.jobexecutor.SpringJobExecutor]] INFO  org.camunda.bpm.engine.jobexecutor - ENGINE-14020 JobExecutor[org.camunda.bpm.engine.spring.components.jobexecutor.SpringJobExecutor] stopped job acquisition
01:46:39.191 [SpringApplicationShutdownHook] INFO  org.camunda.bpm.engine - ENGINE-00007 Process Engine default closed
01:46:39.193 [SpringApplicationShutdownHook] INFO  o.s.j.d.e.EmbeddedDatabaseFactory - Shutting down embedded database: url='jdbc:h2:mem:d5293c04-47f9-48ca-87d1-ef58420fdc16;DB_CLOSE_DELAY=-1;DB_CLOSE_ON_EXIT=false'
12:26:00.793 [background-preinit] INFO  o.h.validator.internal.util.Version - HV000001: Hibernate Validator 8.0.1.Final
12:26:00.842 [restartedMain] INFO  org.unicam.intermediate.Application - Starting Application using Java 25.0.4 with PID 19548 (C:\Projects\BEE_Location-based_Game\BEE\camunda-bpmn-engine\target\classes started by andre in C:\Projects\BEE_Location-based_Game\BEE\camunda-bpmn-engine)
12:26:00.843 [restartedMain] INFO  org.unicam.intermediate.Application - No active profile set, falling back to 1 default profile: "default"
12:26:00.887 [restartedMain] INFO  o.s.b.d.restart.ChangeableUrls - The Class-Path manifest attribute in C:\Users\andre\.m2\repository\com\sun\xml\bind\jaxb-impl\4.0.5\jaxb-impl-4.0.5.jar referenced one or more files that do not exist: file:/C:/Users/andre/.m2/repository/com/sun/xml/bind/jaxb-impl/4.0.5/jaxb-core.jar,file:/C:/Users/andre/.m2/repository/com/sun/xml/bind/jaxb-impl/4.0.5/angus-activation.jar
12:26:00.887 [restartedMain] INFO  o.s.b.d.restart.ChangeableUrls - The Class-Path manifest attribute in C:\Users\andre\.m2\repository\com\sun\xml\bind\jaxb-core\4.0.5\jaxb-core-4.0.5.jar referenced one or more files that do not exist: file:/C:/Users/andre/.m2/repository/com/sun/xml/bind/jaxb-core/4.0.5/jakarta.activation-api.jar,file:/C:/Users/andre/.m2/repository/com/sun/xml/bind/jaxb-core/4.0.5/jakarta.xml.bind-api.jar
12:26:00.888 [restartedMain] INFO  o.s.b.d.restart.ChangeableUrls - The Class-Path manifest attribute in C:\Users\andre\.m2\repository\org\glassfish\hk2\hk2\3.0.6\hk2-3.0.6.jar referenced one or more files that do not exist: file:/C:/Users/andre/.m2/repository/org/glassfish/hk2/hk2/3.0.6/hk2-utils.jar,file:/C:/Users/andre/.m2/repository/org/glassfish/hk2/hk2/3.0.6/jakarta.annotation-api.jar,file:/C:/Users/andre/.m2/repository/org/glassfish/hk2/hk2/3.0.6/jakarta.inject-api.jar,file:/C:/Users/andre/.m2/repository/org/glassfish/hk2/hk2/3.0.6/hk2-api.jar,file:/C:/Users/andre/.m2/repository/org/glassfish/hk2/hk2/3.0.6/aopalliance-repackaged.jar,file:/C:/Users/andre/.m2/repository/org/glassfish/hk2/hk2/3.0.6/hk2-core.jar,file:/C:/Users/andre/.m2/repository/org/glassfish/hk2/hk2/3.0.6/hk2-locator.jar,file:/C:/Users/andre/.m2/repository/org/glassfish/hk2/hk2/3.0.6/javassist.jar,file:/C:/Users/andre/.m2/repository/org/glassfish/hk2/hk2/3.0.6/hk2-runlevel.jar,file:/C:/Users/andre/.m2/repository/org/glassfish/hk2/hk2/3.0.6/class-model.jar,file:/C:/Users/andre/.m2/repository/org/glassfish/hk2/hk2/3.0.6/asm.jar,file:/C:/Users/andre/.m2/repository/org/glassfish/hk2/hk2/3.0.6/asm-analysis.jar,file:/C:/Users/andre/.m2/repository/org/glassfish/hk2/hk2/3.0.6/asm-commons.jar,file:/C:/Users/andre/.m2/repository/org/glassfish/hk2/hk2/3.0.6/asm-tree.jar,file:/C:/Users/andre/.m2/repository/org/glassfish/hk2/hk2/3.0.6/asm-util.jar
12:26:00.888 [restartedMain] INFO  o.s.b.d.e.DevToolsPropertyDefaultsPostProcessor - Devtools property defaults active! Set 'spring.devtools.add-properties' to 'false' to disable
12:26:00.888 [restartedMain] INFO  o.s.b.d.e.DevToolsPropertyDefaultsPostProcessor - For additional web related logging consider setting the 'logging.level.web' property to 'DEBUG'
12:26:02.733 [restartedMain] INFO  o.s.b.w.e.tomcat.TomcatWebServer - Tomcat initialized with port 8082 (http)
12:26:02.744 [restartedMain] INFO  o.a.coyote.http11.Http11NioProtocol - Initializing ProtocolHandler ["http-nio-8082"]
12:26:02.747 [restartedMain] INFO  o.a.catalina.core.StandardService - Starting service [Tomcat]
12:26:02.747 [restartedMain] INFO  o.a.catalina.core.StandardEngine - Starting Servlet engine: [Apache Tomcat/10.1.20]
12:26:02.814 [restartedMain] INFO  o.a.c.c.C.[Tomcat].[localhost].[/] - Initializing Spring embedded WebApplicationContext
12:26:02.815 [restartedMain] INFO  o.s.b.w.s.c.ServletWebServerApplicationContext - Root WebApplicationContext: initialization completed in 1925 ms
12:26:02.837 [restartedMain] INFO  o.c.b.s.b.s.r.CamundaJerseyResourceConfig - Configuring camunda rest api.
12:26:02.856 [restartedMain] INFO  o.c.b.s.b.s.r.CamundaJerseyResourceConfig - Finished configuring camunda rest api.
12:26:03.056 [restartedMain] INFO  o.s.j.d.e.EmbeddedDatabaseFactory - Starting embedded database: url='jdbc:h2:mem:57de2e8f-5926-4db3-ae36-d364e6459e2d;DB_CLOSE_DELAY=-1;DB_CLOSE_ON_EXIT=false', username='sa'
12:26:03.270 [restartedMain] INFO  o.s.b.a.h.H2ConsoleAutoConfiguration - H2 console available at '/h2-console'. Database available at 'jdbc:h2:mem:57de2e8f-5926-4db3-ae36-d364e6459e2d'
12:26:03.463 [restartedMain] INFO  org.camunda.bpm.spring.boot - STARTER-SB040 Setting up jobExecutor with corePoolSize=3, maxPoolSize:10
12:26:03.536 [restartedMain] INFO  org.camunda.bpm.engine.cfg - ENGINE-12003 Plugin 'CompositeProcessEnginePlugin[genericPropertiesConfiguration, camundaConfig, camundaProcessEngineConfiguration, camundaDatasourceConfiguration, camundaJobConfiguration, camundaHistoryConfiguration, camundaMetricsConfiguration, camundaAuthorizationConfiguration, camundaDeploymentConfiguration, createAdminUserConfiguration, failedJobConfiguration, , eventPublisherPlugin, ApplicationContextClassloaderSwitchPlugin]' activated on process engine 'default'
12:26:04.401 [restartedMain] INFO  org.camunda.bpm.spring.boot - STARTER-SB021 Auto-Deploying resources: []
12:26:04.403 [restartedMain] INFO  o.u.i.config.CamundaConfig - [CamundaConfig] Registered parse listeners
12:26:04.404 [restartedMain] INFO  o.c.b.s.b.s.e.EventPublisherPlugin - EVENTING-001: Initialized Camunda Spring Boot Eventing Engine Plugin.
12:26:04.404 [restartedMain] INFO  o.c.b.s.b.s.e.EventPublisherPlugin - EVENTING-003: Task events will be published as Spring Events.
12:26:04.404 [restartedMain] INFO  o.c.b.s.b.s.e.EventPublisherPlugin - EVENTING-005: Execution events will be published as Spring Events.
12:26:04.405 [restartedMain] INFO  o.c.b.s.b.s.e.EventPublisherPlugin - EVENTING-009: Listeners will not be invoked if a skipCustomListeners API parameter is set to true by user.
12:26:04.406 [restartedMain] INFO  o.c.b.s.b.s.e.EventPublisherPlugin - EVENTING-007: History events will be published as Spring events.
12:26:06.495 [restartedMain] INFO  org.camunda.bpm.engine.persistence - ENGINE-03016 Performing database operation 'create' on component 'engine' with resource 'org/camunda/bpm/engine/db/create/activiti.h2.create.engine.sql'
12:26:06.516 [restartedMain] INFO  org.camunda.bpm.engine.persistence - ENGINE-03016 Performing database operation 'create' on component 'history' with resource 'org/camunda/bpm/engine/db/create/activiti.h2.create.history.sql'
12:26:06.522 [restartedMain] INFO  org.camunda.bpm.engine.persistence - ENGINE-03016 Performing database operation 'create' on component 'identity' with resource 'org/camunda/bpm/engine/db/create/activiti.h2.create.identity.sql'
12:26:06.529 [restartedMain] INFO  org.camunda.bpm.engine.persistence - ENGINE-03016 Performing database operation 'create' on component 'case.engine' with resource 'org/camunda/bpm/engine/db/create/activiti.h2.create.case.engine.sql'
12:26:06.531 [restartedMain] INFO  org.camunda.bpm.engine.persistence - ENGINE-03016 Performing database operation 'create' on component 'case.history' with resource 'org/camunda/bpm/engine/db/create/activiti.h2.create.case.history.sql'
12:26:06.533 [restartedMain] INFO  org.camunda.bpm.engine.persistence - ENGINE-03016 Performing database operation 'create' on component 'decision.engine' with resource 'org/camunda/bpm/engine/db/create/activiti.h2.create.decision.engine.sql'
12:26:06.536 [restartedMain] INFO  org.camunda.bpm.engine.persistence - ENGINE-03016 Performing database operation 'create' on component 'decision.history' with resource 'org/camunda/bpm/engine/db/create/activiti.h2.create.decision.history.sql'
12:26:06.563 [restartedMain] INFO  org.camunda.bpm.engine.persistence - ENGINE-03067 No history level property found in database
12:26:06.564 [restartedMain] INFO  org.camunda.bpm.engine.persistence - ENGINE-03065 Creating historyLevel property in database for level: HistoryLevelFull(name=full, id=3)
12:26:06.578 [restartedMain] INFO  org.camunda.bpm.engine - ENGINE-00001 Process Engine default created.
12:26:06.926 [restartedMain] INFO  o.u.i.s.e.EnvironmentDataService - [EnvironmentDataService] Environment loaded from classpath resource 'envs/map.json' with 13 places, 4 logical places
12:26:06.929 [restartedMain] INFO  o.u.i.s.p.ParticipantDataService - [ParticipantDataService] Attempting to load participants from scenario: map
12:26:06.929 [restartedMain] INFO  o.u.i.s.p.ParticipantDataService - [ParticipantDataService] Resource filename: classpath:envs/map.json
12:26:06.930 [restartedMain] INFO  o.u.i.s.p.ParticipantDataService - [ParticipantDataService] Resource exists: true
12:26:06.930 [restartedMain] INFO  o.u.i.s.p.ParticipantDataService - [ParticipantDataService] Resource URL: file:/C:/Projects/BEE_Location-based_Game/BEE/camunda-bpmn-engine/target/classes/envs/map.json
12:26:06.937 [restartedMain] INFO  o.u.i.s.p.ParticipantDataService - [ParticipantDataService] ParticipantConfiguration loaded. Participants count: 0
12:26:06.937 [restartedMain] INFO  o.u.i.s.p.ParticipantDataService - [ParticipantDataService] Successfully loaded 0 participants from scenario 'map' (file: classpath:envs/map.json)
12:26:06.937 [restartedMain] INFO  o.u.i.s.p.ParticipantDataService - [ParticipantDataService] Total participants in map after loading: 0
12:26:06.983 [restartedMain] INFO  o.u.i.service.TaskTypeRegistry - [TaskTypeRegistry] Initialized with 3 task types
12:26:07.092 [restartedMain] WARN  o.s.b.a.s.s.UserDetailsServiceAutoConfiguration - 

Using generated security password: 14838540-1fd9-49a4-a15d-7a252f23f0c1

This generated password is for development use only. Your security configuration must be updated before running your application in production.

12:26:07.378 [restartedMain] INFO  o.s.b.a.e.web.EndpointLinksResolver - Exposing 1 endpoint(s) beneath base path '/actuator'
12:26:07.419 [restartedMain] INFO  o.s.s.web.DefaultSecurityFilterChain - Will secure any request with [org.springframework.security.web.session.DisableEncodeUrlFilter@40f76b12, org.springframework.security.web.context.request.async.WebAsyncManagerIntegrationFilter@d30d341, org.springframework.security.web.context.SecurityContextHolderFilter@657134cb, org.springframework.security.web.header.HeaderWriterFilter@4c860c02, org.springframework.web.filter.CorsFilter@533a8c11, org.springframework.security.web.authentication.logout.LogoutFilter@7105530a, org.springframework.security.web.savedrequest.RequestCacheAwareFilter@6bd4f895, org.springframework.security.web.servletapi.SecurityContextHolderAwareRequestFilter@13d02c6f, org.springframework.security.web.authentication.AnonymousAuthenticationFilter@586c3183, org.springframework.security.web.access.ExceptionTranslationFilter@a6dd699, org.springframework.security.web.access.intercept.AuthorizationFilter@1998277]
12:26:07.543 [restartedMain] INFO  o.c.b.s.b.s.w.f.LazyInitRegistration - lazy initialized org.camunda.bpm.spring.boot.starter.webapp.filter.LazyProcessEnginesFilter@a9535d7
12:26:07.551 [restartedMain] INFO  o.c.b.s.b.s.w.f.LazyInitRegistration - lazy initialized org.camunda.bpm.spring.boot.starter.webapp.filter.LazySecurityFilter@2697e27a
12:26:07.682 [restartedMain] INFO  o.s.b.d.a.OptionalLiveReloadServer - LiveReload server is running on port 35729
12:26:07.726 [restartedMain] INFO  o.a.coyote.http11.Http11NioProtocol - Starting ProtocolHandler ["http-nio-8082"]
12:26:07.737 [restartedMain] INFO  o.s.b.w.e.tomcat.TomcatWebServer - Tomcat started on port 8082 (http) with context path ''
12:26:07.754 [restartedMain] INFO  org.unicam.intermediate.Application - Started Application in 7.257 seconds (process running for 7.996)
12:26:07.845 [restartedMain] INFO  o.u.i.config.EnvironmentInitializer - [EnvironmentInitializer] Initializing Environment on startup
12:26:07.848 [restartedMain] INFO  o.u.i.s.e.EnvironmentDataService - [EnvironmentDataService] Environment loaded from classpath resource 'envs/map.json' with 13 places, 4 logical places
12:26:07.848 [restartedMain] INFO  o.u.i.config.EnvironmentInitializer - [EnvironmentInitializer] Environment loaded with 13 physical places
12:26:07.849 [restartedMain] INFO  o.u.i.config.UserInitializer - [UserInitializer] Starting user and group initialization...
12:26:07.853 [restartedMain] INFO  o.u.i.config.UserInitializer - [UserInitializer] Created NEW group: students
12:26:07.856 [restartedMain] INFO  o.u.i.config.UserInitializer - [UserInitializer] Created NEW group: tutors
12:26:07.863 [restartedMain] INFO  o.u.i.config.UserInitializer - [UserInitializer] Added aa to students group
12:26:07.865 [restartedMain] INFO  o.u.i.config.UserInitializer - [UserInitializer] Created NEW group: admins
12:26:07.869 [restartedMain] INFO  o.u.i.config.UserInitializer - [UserInitializer] ========================================
12:26:07.869 [restartedMain] INFO  o.u.i.config.UserInitializer - [UserInitializer] Initialization completed successfully!
12:26:07.869 [restartedMain] INFO  o.u.i.config.UserInitializer - [UserInitializer] ========================================.
12:26:07.871 [restartedMain] INFO  o.u.i.config.UserInitializer - [UserInitializer] Current users count: 2
12:26:07.872 [restartedMain] INFO  o.u.i.config.UserInitializer - [UserInitializer] Current groups count: 4
12:26:07.873 [restartedMain] INFO  o.u.i.config.UserInitializer - [UserInitializer] 
12:26:07.873 [restartedMain] INFO  o.u.i.config.UserInitializer - [UserInitializer] Camunda Cockpit: http://localhost:8082/camunda
12:26:07.873 [restartedMain] INFO  o.u.i.config.UserInitializer - [UserInitializer] 
12:26:07.873 [restartedMain] INFO  o.u.i.config.UserInitializer - [UserInitializer] All users in system:
12:26:07.877 [restartedMain] INFO  o.u.i.config.UserInitializer - [UserInitializer]   - aa (a a) - Groups: [admins, students]
12:26:07.879 [restartedMain] INFO  o.u.i.config.UserInitializer - [UserInitializer]   - demo (demo Demo) - Groups: [camunda-admin]
12:26:07.882 [restartedMain] INFO  o.u.i.config.DeploymentJsonLogger - [DeploymentJsonLogger] Initialized with 0 existing deployments
12:26:07.882 [restartedMain] INFO  o.u.i.config.MessageFlowRegistrar - [MessageFlowRegistrar] Application ready - registering message flows for all deployed processes
12:26:07.885 [restartedMain] INFO  org.camunda.bpm.engine.jobexecutor - ENGINE-14014 Starting up the JobExecutor[org.camunda.bpm.engine.spring.components.jobexecutor.SpringJobExecutor].
12:26:07.886 [JobExecutor[org.camunda.bpm.engine.spring.components.jobexecutor.SpringJobExecutor]] INFO  org.camunda.bpm.engine.jobexecutor - ENGINE-14018 JobExecutor[org.camunda.bpm.engine.spring.components.jobexecutor.SpringJobExecutor] starting to acquire jobs
12:27:47.977 [http-nio-8082-exec-5] INFO  org.camunda.bpm.engine.bpmn.parser - ENGINE-01002 Ignoring non-executable process with id 'Process_1vglwxn'. Set the attribute isExecutable="true" to deploy this process.
12:27:47.977 [http-nio-8082-exec-5] INFO  org.camunda.bpm.engine.bpmn.parser - ENGINE-01002 Ignoring non-executable process with id 'Process_0n0g83c'. Set the attribute isExecutable="true" to deploy this process.
12:27:47.977 [http-nio-8082-exec-5] INFO  org.camunda.bpm.engine.bpmn.parser - ENGINE-01002 Ignoring non-executable process with id 'Process_181gju4'. Set the attribute isExecutable="true" to deploy this process.
12:27:47.977 [http-nio-8082-exec-5] INFO  org.camunda.bpm.engine.bpmn.parser - ENGINE-01002 Ignoring non-executable process with id 'Process_193qi7r'. Set the attribute isExecutable="true" to deploy this process.
12:27:47.993 [http-nio-8082-exec-6] INFO  o.a.c.c.C.[Tomcat].[localhost].[/] - Initializing Spring DispatcherServlet 'dispatcherServlet'
12:27:47.993 [http-nio-8082-exec-6] INFO  o.s.web.servlet.DispatcherServlet - Initializing Servlet 'dispatcherServlet'
12:27:47.993 [http-nio-8082-exec-6] INFO  o.s.web.servlet.DispatcherServlet - Completed initialization in 0 ms
12:27:47.993 [http-nio-8082-exec-6] ERROR o.u.i.e.GlobalExceptionHandler - [Unexpected Error] No static resource .well-known/camunda-automation-platform/webapps.
org.springframework.web.servlet.resource.NoResourceFoundException: No static resource .well-known/camunda-automation-platform/webapps.
	at org.springframework.web.servlet.resource.ResourceHttpRequestHandler.handleRequest(ResourceHttpRequestHandler.java:585)
	at org.springframework.web.servlet.mvc.HttpRequestHandlerAdapter.handle(HttpRequestHandlerAdapter.java:52)
	at org.springframework.web.servlet.DispatcherServlet.doDispatch(DispatcherServlet.java:1089)
	at org.springframework.web.servlet.DispatcherServlet.doService(DispatcherServlet.java:979)
	at org.springframework.web.servlet.FrameworkServlet.processRequest(FrameworkServlet.java:1014)
	at org.springframework.web.servlet.FrameworkServlet.doGet(FrameworkServlet.java:903)
	at jakarta.servlet.http.HttpServlet.service(HttpServlet.java:564)
	at org.springframework.web.servlet.FrameworkServlet.service(FrameworkServlet.java:885)
	at jakarta.servlet.http.HttpServlet.service(HttpServlet.java:658)
	at org.apache.catalina.core.ApplicationFilterChain.internalDoFilter(ApplicationFilterChain.java:206)
	at org.apache.catalina.core.ApplicationFilterChain.doFilter(ApplicationFilterChain.java:150)
	at org.apache.tomcat.websocket.server.WsFilter.doFilter(WsFilter.java:51)
	at org.apache.catalina.core.ApplicationFilterChain.internalDoFilter(ApplicationFilterChain.java:175)
	at org.apache.catalina.core.ApplicationFilterChain.doFilter(ApplicationFilterChain.java:150)
	at org.springframework.web.filter.RequestContextFilter.doFilterInternal(RequestContextFilter.java:100)
	at org.springframework.web.filter.OncePerRequestFilter.doFilter(OncePerRequestFilter.java:116)
	at org.apache.catalina.core.ApplicationFilterChain.internalDoFilter(ApplicationFilterChain.java:175)
	at org.apache.catalina.core.ApplicationFilterChain.doFilter(ApplicationFilterChain.java:150)
	at org.springframework.web.filter.CompositeFilter$VirtualFilterChain.doFilter(CompositeFilter.java:108)
	at org.springframework.security.web.FilterChainProxy.lambda$doFilterInternal$3(FilterChainProxy.java:231)
	at org.springframework.security.web.ObservationFilterChainDecorator$FilterObservation$SimpleFilterObservation.lambda$wrap$1(ObservationFilterChainDecorator.java:479)
	at org.springframework.security.web.ObservationFilterChainDecorator$AroundFilterObservation$SimpleAroundFilterObservation.lambda$wrap$1(ObservationFilterChainDecorator.java:340)
	at org.springframework.security.web.ObservationFilterChainDecorator.lambda$wrapSecured$0(ObservationFilterChainDecorator.java:82)
	at org.springframework.security.web.ObservationFilterChainDecorator$VirtualFilterChain.doFilter(ObservationFilterChainDecorator.java:128)
	at org.springframework.security.web.access.intercept.AuthorizationFilter.doFilter(AuthorizationFilter.java:100)
	at org.springframework.security.web.ObservationFilterChainDecorator$ObservationFilter.wrapFilter(ObservationFilterChainDecorator.java:240)
	at org.springframework.security.web.ObservationFilterChainDecorator$ObservationFilter.doFilter(ObservationFilterChainDecorator.java:227)
	at org.springframework.security.web.ObservationFilterChainDecorator$VirtualFilterChain.doFilter(ObservationFilterChainDecorator.java:137)
	at org.springframework.security.web.access.ExceptionTranslationFilter.doFilter(ExceptionTranslationFilter.java:126)
	at org.springframework.security.web.access.ExceptionTranslationFilter.doFilter(ExceptionTranslationFilter.java:120)
	at org.springframework.security.web.ObservationFilterChainDecorator$ObservationFilter.wrapFilter(ObservationFilterChainDecorator.java:240)
	at org.springframework.security.web.ObservationFilterChainDecorator$ObservationFilter.doFilter(ObservationFilterChainDecorator.java:227)
	at org.springframework.security.web.ObservationFilterChainDecorator$VirtualFilterChain.doFilter(ObservationFilterChainDecorator.java:137)
	at org.springframework.security.web.authentication.AnonymousAuthenticationFilter.doFilter(AnonymousAuthenticationFilter.java:100)
	at org.springframework.security.web.ObservationFilterChainDecorator$ObservationFilter.wrapFilter(ObservationFilterChainDecorator.java:240)
	at org.springframework.security.web.ObservationFilterChainDecorator$ObservationFilter.doFilter(ObservationFilterChainDecorator.java:227)
	at org.springframework.security.web.ObservationFilterChainDecorator$VirtualFilterChain.doFilter(ObservationFilterChainDecorator.java:137)
	at org.springframework.security.web.servletapi.SecurityContextHolderAwareRequestFilter.doFilter(SecurityContextHolderAwareRequestFilter.java:179)
	at org.springframework.security.web.ObservationFilterChainDecorator$ObservationFilter.wrapFilter(ObservationFilterChainDecorator.java:240)
	at org.springframework.security.web.ObservationFilterChainDecorator$ObservationFilter.doFilter(ObservationFilterChainDecorator.java:227)
	at org.springframework.security.web.ObservationFilterChainDecorator$VirtualFilterChain.doFilter(ObservationFilterChainDecorator.java:137)
	at org.springframework.security.web.savedrequest.RequestCacheAwareFilter.doFilter(RequestCacheAwareFilter.java:63)
	at org.springframework.security.web.ObservationFilterChainDecorator$ObservationFilter.wrapFilter(ObservationFilterChainDecorator.java:240)
	at org.springframework.security.web.ObservationFilterChainDecorator$ObservationFilter.doFilter(ObservationFilterChainDecorator.java:227)
	at org.springframework.security.web.ObservationFilterChainDecorator$VirtualFilterChain.doFilter(ObservationFilterChainDecorator.java:137)
	at org.springframework.security.web.authentication.logout.LogoutFilter.doFilter(LogoutFilter.java:107)
	at org.springframework.security.web.authentication.logout.LogoutFilter.doFilter(LogoutFilter.java:93)
	at org.springframework.security.web.ObservationFilterChainDecorator$ObservationFilter.wrapFilter(ObservationFilterChainDecorator.java:240)
	at org.springframework.security.web.ObservationFilterChainDecorator$ObservationFilter.doFilter(ObservationFilterChainDecorator.java:227)
	at org.springframework.security.web.ObservationFilterChainDecorator$VirtualFilterChain.doFilter(ObservationFilterChainDecorator.java:137)
	at org.springframework.web.filter.CorsFilter.doFilterInternal(CorsFilter.java:91)
	at org.springframework.web.filter.OncePerRequestFilter.doFilter(OncePerRequestFilter.java:116)
	at org.springframework.security.web.ObservationFilterChainDecorator$ObservationFilter.wrapFilter(ObservationFilterChainDecorator.java:240)
	at org.springframework.security.web.ObservationFilterChainDecorator$ObservationFilter.doFilter(ObservationFilterChainDecorator.java:227)
	at org.springframework.security.web.ObservationFilterChainDecorator$VirtualFilterChain.doFilter(ObservationFilterChainDecorator.java:137)
	at org.springframework.security.web.header.HeaderWriterFilter.doHeadersAfter(HeaderWriterFilter.java:90)
	at org.springframework.security.web.header.HeaderWriterFilter.doFilterInternal(HeaderWriterFilter.java:75)
	at org.springframework.web.filter.OncePerRequestFilter.doFilter(OncePerRequestFilter.java:116)
	at org.springframework.security.web.ObservationFilterChainDecorator$ObservationFilter.wrapFilter(ObservationFilterChainDecorator.java:240)
	at org.springframework.security.web.ObservationFilterChainDecorator$ObservationFilter.doFilter(ObservationFilterChainDecorator.java:227)
	at org.springframework.security.web.ObservationFilterChainDecorator$VirtualFilterChain.doFilter(ObservationFilterChainDecorator.java:137)
	at org.springframework.security.web.context.SecurityContextHolderFilter.doFilter(SecurityContextHolderFilter.java:82)
	at org.springframework.security.web.context.SecurityContextHolderFilter.doFilter(SecurityContextHolderFilter.java:69)
	at org.springframework.security.web.ObservationFilterChainDecorator$ObservationFilter.wrapFilter(ObservationFilterChainDecorator.java:240)
	at org.springframework.security.web.ObservationFilterChainDecorator$ObservationFilter.doFilter(ObservationFilterChainDecorator.java:227)
	at org.springframework.security.web.ObservationFilterChainDecorator$VirtualFilterChain.doFilter(ObservationFilterChainDecorator.java:137)
	at org.springframework.security.web.context.request.async.WebAsyncManagerIntegrationFilter.doFilterInternal(WebAsyncManagerIntegrationFilter.java:62)
	at org.springframework.web.filter.OncePerRequestFilter.doFilter(OncePerRequestFilter.java:116)
	at org.springframework.security.web.ObservationFilterChainDecorator$ObservationFilter.wrapFilter(ObservationFilterChainDecorator.java:240)
	at org.springframework.security.web.ObservationFilterChainDecorator$ObservationFilter.doFilter(ObservationFilterChainDecorator.java:227)
	at org.springframework.security.web.ObservationFilterChainDecorator$VirtualFilterChain.doFilter(ObservationFilterChainDecorator.java:137)
	at org.springframework.security.web.session.DisableEncodeUrlFilter.doFilterInternal(DisableEncodeUrlFilter.java:42)
	at org.springframework.web.filter.OncePerRequestFilter.doFilter(OncePerRequestFilter.java:116)
	at org.springframework.security.web.ObservationFilterChainDecorator$ObservationFilter.wrapFilter(ObservationFilterChainDecorator.java:240)
	at org.springframework.security.web.ObservationFilterChainDecorator$AroundFilterObservation$SimpleAroundFilterObservation.lambda$wrap$0(ObservationFilterChainDecorator.java:323)
	at org.springframework.security.web.ObservationFilterChainDecorator$ObservationFilter.doFilter(ObservationFilterChainDecorator.java:224)
	at org.springframework.security.web.ObservationFilterChainDecorator$VirtualFilterChain.doFilter(ObservationFilterChainDecorator.java:137)
	at org.springframework.security.web.FilterChainProxy.doFilterInternal(FilterChainProxy.java:233)
	at org.springframework.security.web.FilterChainProxy.doFilter(FilterChainProxy.java:191)
	at org.springframework.web.filter.CompositeFilter$VirtualFilterChain.doFilter(CompositeFilter.java:113)
	at org.springframework.web.servlet.handler.HandlerMappingIntrospector.lambda$createCacheFilter$3(HandlerMappingIntrospector.java:195)
	at org.springframework.web.filter.CompositeFilter$VirtualFilterChain.doFilter(CompositeFilter.java:113)
	at org.springframework.web.filter.CompositeFilter.doFilter(CompositeFilter.java:74)
	at org.springframework.security.config.annotation.web.configuration.WebMvcSecurityConfiguration$CompositeFilterChainProxy.doFilter(WebMvcSecurityConfiguration.java:230)
	at org.springframework.web.filter.DelegatingFilterProxy.invokeDelegate(DelegatingFilterProxy.java:352)
	at org.springframework.web.filter.DelegatingFilterProxy.doFilter(DelegatingFilterProxy.java:268)
	at org.apache.catalina.core.ApplicationFilterChain.internalDoFilter(ApplicationFilterChain.java:175)
	at org.apache.catalina.core.ApplicationFilterChain.doFilter(ApplicationFilterChain.java:150)
	at org.springframework.web.filter.FormContentFilter.doFilterInternal(FormContentFilter.java:93)
	at org.springframework.web.filter.OncePerRequestFilter.doFilter(OncePerRequestFilter.java:116)
	at org.apache.catalina.core.ApplicationFilterChain.internalDoFilter(ApplicationFilterChain.java:175)
	at org.apache.catalina.core.ApplicationFilterChain.doFilter(ApplicationFilterChain.java:150)
	at org.springframework.web.filter.ServerHttpObservationFilter.doFilterInternal(ServerHttpObservationFilter.java:109)
	at org.springframework.web.filter.OncePerRequestFilter.doFilter(OncePerRequestFilter.java:116)
	at org.apache.catalina.core.ApplicationFilterChain.internalDoFilter(ApplicationFilterChain.java:175)
	at org.apache.catalina.core.ApplicationFilterChain.doFilter(ApplicationFilterChain.java:150)
	at org.springframework.web.filter.CharacterEncodingFilter.doFilterInternal(CharacterEncodingFilter.java:201)
	at org.springframework.web.filter.OncePerRequestFilter.doFilter(OncePerRequestFilter.java:116)
	at org.apache.catalina.core.ApplicationFilterChain.internalDoFilter(ApplicationFilterChain.java:175)
	at org.apache.catalina.core.ApplicationFilterChain.doFilter(ApplicationFilterChain.java:150)
	at org.apache.catalina.core.StandardWrapperValve.invoke(StandardWrapperValve.java:167)
	at org.apache.catalina.core.StandardContextValve.invoke(StandardContextValve.java:90)
	at org.apache.catalina.authenticator.AuthenticatorBase.invoke(AuthenticatorBase.java:482)
	at org.apache.catalina.core.StandardHostValve.invoke(StandardHostValve.java:115)
	at org.apache.catalina.valves.ErrorReportValve.invoke(ErrorReportValve.java:93)
	at org.apache.catalina.core.StandardEngineValve.invoke(StandardEngineValve.java:74)
	at org.apache.catalina.connector.CoyoteAdapter.service(CoyoteAdapter.java:344)
	at org.apache.coyote.http11.Http11Processor.service(Http11Processor.java:391)
	at org.apache.coyote.AbstractProcessorLight.process(AbstractProcessorLight.java:63)
	at org.apache.coyote.AbstractProtocol$ConnectionHandler.process(AbstractProtocol.java:896)
	at org.apache.tomcat.util.net.NioEndpoint$SocketProcessor.doRun(NioEndpoint.java:1736)
	at org.apache.tomcat.util.net.SocketProcessorBase.run(SocketProcessorBase.java:52)
	at org.apache.tomcat.util.threads.ThreadPoolExecutor.runWorker(ThreadPoolExecutor.java:1191)
	at org.apache.tomcat.util.threads.ThreadPoolExecutor$Worker.run(ThreadPoolExecutor.java:659)
	at org.apache.tomcat.util.threads.TaskThread$WrappingRunnable.run(TaskThread.java:63)
	at java.base/java.lang.Thread.run(Thread.java:1474)
12:27:48.008 [http-nio-8082-exec-6] WARN  o.s.w.s.m.m.a.ExceptionHandlerExceptionResolver - Resolved [org.springframework.web.servlet.resource.NoResourceFoundException: No static resource .well-known/camunda-automation-platform/webapps.]
12:27:48.101 [scheduling-1] INFO  o.u.i.config.DeploymentJsonLogger - [DeploymentJsonLogger] New deployment 'diagram' (7833b7b9-9181-11f1-bb7b-a85e45beb1b5) has JSON resources: [UniversityMap.json]
12:27:48.112 [scheduling-1] INFO  o.u.i.s.e.EnvironmentDataService - [EnvironmentDataService] Environment loaded from deployment JSON '7833b7b9-9181-11f1-bb7b-a85e45beb1b5/UniversityMap.json' with 13 places, 4 logical places
12:27:48.114 [scheduling-1] INFO  o.u.i.config.DeploymentJsonLogger - [DeploymentJsonLogger] Applied deployment JSON '7833b7b9-9181-11f1-bb7b-a85e45beb1b5/UniversityMap.json' (environmentApplied=true, participantsLoaded=0)
12:27:48.348 [scheduling-1] INFO  o.u.i.config.DeploymentJsonLogger - [DeploymentJsonLogger] Collaboration participants in 'diagram.bpmn' (deployment=7833b7b9-9181-11f1-bb7b-a85e45beb1b5):
12:27:48.348 [scheduling-1] INFO  o.u.i.config.DeploymentJsonLogger - [DeploymentJsonLogger] - participantId='Participant_0q1sid6', participantName='Player Team1'
12:27:48.348 [scheduling-1] INFO  o.u.i.config.DeploymentJsonLogger - [DeploymentJsonLogger] - participantId='Participant_0iebfgm', participantName='Ally Player Team1'
12:27:48.349 [scheduling-1] INFO  o.u.i.config.DeploymentJsonLogger - [DeploymentJsonLogger] - participantId='Participant_1mq5hg5', participantName='Player Team1'
12:27:48.349 [scheduling-1] INFO  o.u.i.config.DeploymentJsonLogger - [DeploymentJsonLogger] - participantId='Participant_1fxcd7o', participantName='Ally Player Team1'
12:27:48.349 [scheduling-1] INFO  o.u.i.s.p.ParticipantDataService - [ParticipantDataService] Merged participants from source '7833b7b9-9181-11f1-bb7b-a85e45beb1b5/collaboration-participants' -> added 4, total 4
12:27:48.349 [scheduling-1] INFO  o.u.i.config.DeploymentJsonLogger - [DeploymentJsonLogger] Merged BPMN collaboration participants for deployment 7833b7b9-9181-11f1-bb7b-a85e45beb1b5 (added=4)
12:28:00.788 [http-nio-8082-exec-4] ERROR o.u.i.e.GlobalExceptionHandler - [Unexpected Error] No static resource camunda-welcome.
org.springframework.web.servlet.resource.NoResourceFoundException: No static resource camunda-welcome.
	at org.springframework.web.servlet.resource.ResourceHttpRequestHandler.handleRequest(ResourceHttpRequestHandler.java:585)
	at org.springframework.web.servlet.mvc.HttpRequestHandlerAdapter.handle(HttpRequestHandlerAdapter.java:52)
	at org.springframework.web.servlet.DispatcherServlet.doDispatch(DispatcherServlet.java:1089)
	at org.springframework.web.servlet.DispatcherServlet.doService(DispatcherServlet.java:979)
	at org.springframework.web.servlet.FrameworkServlet.processRequest(FrameworkServlet.java:1014)
	at org.springframework.web.servlet.FrameworkServlet.doGet(FrameworkServlet.java:903)
	at jakarta.servlet.http.HttpServlet.service(HttpServlet.java:564)
	at org.springframework.web.servlet.FrameworkServlet.service(FrameworkServlet.java:885)
	at jakarta.servlet.http.HttpServlet.service(HttpServlet.java:658)
	at org.apache.catalina.core.ApplicationFilterChain.internalDoFilter(ApplicationFilterChain.java:206)
	at org.apache.catalina.core.ApplicationFilterChain.doFilter(ApplicationFilterChain.java:150)
	at org.apache.tomcat.websocket.server.WsFilter.doFilter(WsFilter.java:51)
	at org.apache.catalina.core.ApplicationFilterChain.internalDoFilter(ApplicationFilterChain.java:175)
	at org.apache.catalina.core.ApplicationFilterChain.doFilter(ApplicationFilterChain.java:150)
	at org.springframework.web.filter.RequestContextFilter.doFilterInternal(RequestContextFilter.java:100)
	at org.springframework.web.filter.OncePerRequestFilter.doFilter(OncePerRequestFilter.java:116)
	at org.apache.catalina.core.ApplicationFilterChain.internalDoFilter(ApplicationFilterChain.java:175)
	at org.apache.catalina.core.ApplicationFilterChain.doFilter(ApplicationFilterChain.java:150)
	at org.springframework.web.filter.CompositeFilter$VirtualFilterChain.doFilter(CompositeFilter.java:108)
	at org.springframework.security.web.FilterChainProxy.lambda$doFilterInternal$3(FilterChainProxy.java:231)
	at org.springframework.security.web.ObservationFilterChainDecorator$FilterObservation$SimpleFilterObservation.lambda$wrap$1(ObservationFilterChainDecorator.java:479)
	at org.springframework.security.web.ObservationFilterChainDecorator$AroundFilterObservation$SimpleAroundFilterObservation.lambda$wrap$1(ObservationFilterChainDecorator.java:340)
	at org.springframework.security.web.ObservationFilterChainDecorator.lambda$wrapSecured$0(ObservationFilterChainDecorator.java:82)
	at org.springframework.security.web.ObservationFilterChainDecorator$VirtualFilterChain.doFilter(ObservationFilterChainDecorator.java:128)
	at org.springframework.security.web.access.intercept.AuthorizationFilter.doFilter(AuthorizationFilter.java:100)
	at org.springframework.security.web.ObservationFilterChainDecorator$ObservationFilter.wrapFilter(ObservationFilterChainDecorator.java:240)
	at org.springframework.security.web.ObservationFilterChainDecorator$ObservationFilter.doFilter(ObservationFilterChainDecorator.java:227)
	at org.springframework.security.web.ObservationFilterChainDecorator$VirtualFilterChain.doFilter(ObservationFilterChainDecorator.java:137)
	at org.springframework.security.web.access.ExceptionTranslationFilter.doFilter(ExceptionTranslationFilter.java:126)
	at org.springframework.security.web.access.ExceptionTranslationFilter.doFilter(ExceptionTranslationFilter.java:120)
	at org.springframework.security.web.ObservationFilterChainDecorator$ObservationFilter.wrapFilter(ObservationFilterChainDecorator.java:240)
	at org.springframework.security.web.ObservationFilterChainDecorator$ObservationFilter.doFilter(ObservationFilterChainDecorator.java:227)
	at org.springframework.security.web.ObservationFilterChainDecorator$VirtualFilterChain.doFilter(ObservationFilterChainDecorator.java:137)
	at org.springframework.security.web.authentication.AnonymousAuthenticationFilter.doFilter(AnonymousAuthenticationFilter.java:100)
	at org.springframework.security.web.ObservationFilterChainDecorator$ObservationFilter.wrapFilter(ObservationFilterChainDecorator.java:240)
	at org.springframework.security.web.ObservationFilterChainDecorator$ObservationFilter.doFilter(ObservationFilterChainDecorator.java:227)
	at org.springframework.security.web.ObservationFilterChainDecorator$VirtualFilterChain.doFilter(ObservationFilterChainDecorator.java:137)
	at org.springframework.security.web.servletapi.SecurityContextHolderAwareRequestFilter.doFilter(SecurityContextHolderAwareRequestFilter.java:179)
	at org.springframework.security.web.ObservationFilterChainDecorator$ObservationFilter.wrapFilter(ObservationFilterChainDecorator.java:240)
	at org.springframework.security.web.ObservationFilterChainDecorator$ObservationFilter.doFilter(ObservationFilterChainDecorator.java:227)
	at org.springframework.security.web.ObservationFilterChainDecorator$VirtualFilterChain.doFilter(ObservationFilterChainDecorator.java:137)
	at org.springframework.security.web.savedrequest.RequestCacheAwareFilter.doFilter(RequestCacheAwareFilter.java:63)
	at org.springframework.security.web.ObservationFilterChainDecorator$ObservationFilter.wrapFilter(ObservationFilterChainDecorator.java:240)
	at org.springframework.security.web.ObservationFilterChainDecorator$ObservationFilter.doFilter(ObservationFilterChainDecorator.java:227)
	at org.springframework.security.web.ObservationFilterChainDecorator$VirtualFilterChain.doFilter(ObservationFilterChainDecorator.java:137)
	at org.springframework.security.web.authentication.logout.LogoutFilter.doFilter(LogoutFilter.java:107)
	at org.springframework.security.web.authentication.logout.LogoutFilter.doFilter(LogoutFilter.java:93)
	at org.springframework.security.web.ObservationFilterChainDecorator$ObservationFilter.wrapFilter(ObservationFilterChainDecorator.java:240)
	at org.springframework.security.web.ObservationFilterChainDecorator$ObservationFilter.doFilter(ObservationFilterChainDecorator.java:227)
	at org.springframework.security.web.ObservationFilterChainDecorator$VirtualFilterChain.doFilter(ObservationFilterChainDecorator.java:137)
	at org.springframework.web.filter.CorsFilter.doFilterInternal(CorsFilter.java:91)
	at org.springframework.web.filter.OncePerRequestFilter.doFilter(OncePerRequestFilter.java:116)
	at org.springframework.security.web.ObservationFilterChainDecorator$ObservationFilter.wrapFilter(ObservationFilterChainDecorator.java:240)
	at org.springframework.security.web.ObservationFilterChainDecorator$ObservationFilter.doFilter(ObservationFilterChainDecorator.java:227)
	at org.springframework.security.web.ObservationFilterChainDecorator$VirtualFilterChain.doFilter(ObservationFilterChainDecorator.java:137)
	at org.springframework.security.web.header.HeaderWriterFilter.doHeadersAfter(HeaderWriterFilter.java:90)
	at org.springframework.security.web.header.HeaderWriterFilter.doFilterInternal(HeaderWriterFilter.java:75)
	at org.springframework.web.filter.OncePerRequestFilter.doFilter(OncePerRequestFilter.java:116)
	at org.springframework.security.web.ObservationFilterChainDecorator$ObservationFilter.wrapFilter(ObservationFilterChainDecorator.java:240)
	at org.springframework.security.web.ObservationFilterChainDecorator$ObservationFilter.doFilter(ObservationFilterChainDecorator.java:227)
	at org.springframework.security.web.ObservationFilterChainDecorator$VirtualFilterChain.doFilter(ObservationFilterChainDecorator.java:137)
	at org.springframework.security.web.context.SecurityContextHolderFilter.doFilter(SecurityContextHolderFilter.java:82)
	at org.springframework.security.web.context.SecurityContextHolderFilter.doFilter(SecurityContextHolderFilter.java:69)
	at org.springframework.security.web.ObservationFilterChainDecorator$ObservationFilter.wrapFilter(ObservationFilterChainDecorator.java:240)
	at org.springframework.security.web.ObservationFilterChainDecorator$ObservationFilter.doFilter(ObservationFilterChainDecorator.java:227)
	at org.springframework.security.web.ObservationFilterChainDecorator$VirtualFilterChain.doFilter(ObservationFilterChainDecorator.java:137)
	at org.springframework.security.web.context.request.async.WebAsyncManagerIntegrationFilter.doFilterInternal(WebAsyncManagerIntegrationFilter.java:62)
	at org.springframework.web.filter.OncePerRequestFilter.doFilter(OncePerRequestFilter.java:116)
	at org.springframework.security.web.ObservationFilterChainDecorator$ObservationFilter.wrapFilter(ObservationFilterChainDecorator.java:240)
	at org.springframework.security.web.ObservationFilterChainDecorator$ObservationFilter.doFilter(ObservationFilterChainDecorator.java:227)
	at org.springframework.security.web.ObservationFilterChainDecorator$VirtualFilterChain.doFilter(ObservationFilterChainDecorator.java:137)
	at org.springframework.security.web.session.DisableEncodeUrlFilter.doFilterInternal(DisableEncodeUrlFilter.java:42)
	at org.springframework.web.filter.OncePerRequestFilter.doFilter(OncePerRequestFilter.java:116)
	at org.springframework.security.web.ObservationFilterChainDecorator$ObservationFilter.wrapFilter(ObservationFilterChainDecorator.java:240)
	at org.springframework.security.web.ObservationFilterChainDecorator$AroundFilterObservation$SimpleAroundFilterObservation.lambda$wrap$0(ObservationFilterChainDecorator.java:323)
	at org.springframework.security.web.ObservationFilterChainDecorator$ObservationFilter.doFilter(ObservationFilterChainDecorator.java:224)
	at org.springframework.security.web.ObservationFilterChainDecorator$VirtualFilterChain.doFilter(ObservationFilterChainDecorator.java:137)
	at org.springframework.security.web.FilterChainProxy.doFilterInternal(FilterChainProxy.java:233)
	at org.springframework.security.web.FilterChainProxy.doFilter(FilterChainProxy.java:191)
	at org.springframework.web.filter.CompositeFilter$VirtualFilterChain.doFilter(CompositeFilter.java:113)
	at org.springframework.web.servlet.handler.HandlerMappingIntrospector.lambda$createCacheFilter$3(HandlerMappingIntrospector.java:195)
	at org.springframework.web.filter.CompositeFilter$VirtualFilterChain.doFilter(CompositeFilter.java:113)
	at org.springframework.web.filter.CompositeFilter.doFilter(CompositeFilter.java:74)
	at org.springframework.security.config.annotation.web.configuration.WebMvcSecurityConfiguration$CompositeFilterChainProxy.doFilter(WebMvcSecurityConfiguration.java:230)
	at org.springframework.web.filter.DelegatingFilterProxy.invokeDelegate(DelegatingFilterProxy.java:352)
	at org.springframework.web.filter.DelegatingFilterProxy.doFilter(DelegatingFilterProxy.java:268)
	at org.apache.catalina.core.ApplicationFilterChain.internalDoFilter(ApplicationFilterChain.java:175)
	at org.apache.catalina.core.ApplicationFilterChain.doFilter(ApplicationFilterChain.java:150)
	at org.springframework.web.filter.FormContentFilter.doFilterInternal(FormContentFilter.java:93)
	at org.springframework.web.filter.OncePerRequestFilter.doFilter(OncePerRequestFilter.java:116)
	at org.apache.catalina.core.ApplicationFilterChain.internalDoFilter(ApplicationFilterChain.java:175)
	at org.apache.catalina.core.ApplicationFilterChain.doFilter(ApplicationFilterChain.java:150)
	at org.springframework.web.filter.ServerHttpObservationFilter.doFilterInternal(ServerHttpObservationFilter.java:109)
	at org.springframework.web.filter.OncePerRequestFilter.doFilter(OncePerRequestFilter.java:116)
	at org.apache.catalina.core.ApplicationFilterChain.internalDoFilter(ApplicationFilterChain.java:175)
	at org.apache.catalina.core.ApplicationFilterChain.doFilter(ApplicationFilterChain.java:150)
	at org.springframework.web.filter.CharacterEncodingFilter.doFilterInternal(CharacterEncodingFilter.java:201)
	at org.springframework.web.filter.OncePerRequestFilter.doFilter(OncePerRequestFilter.java:116)
	at org.apache.catalina.core.ApplicationFilterChain.internalDoFilter(ApplicationFilterChain.java:175)
	at org.apache.catalina.core.ApplicationFilterChain.doFilter(ApplicationFilterChain.java:150)
	at org.apache.catalina.core.StandardWrapperValve.invoke(StandardWrapperValve.java:167)
	at org.apache.catalina.core.StandardContextValve.invoke(StandardContextValve.java:90)
	at org.apache.catalina.authenticator.AuthenticatorBase.invoke(AuthenticatorBase.java:482)
	at org.apache.catalina.core.StandardHostValve.invoke(StandardHostValve.java:115)
	at org.apache.catalina.valves.ErrorReportValve.invoke(ErrorReportValve.java:93)
	at org.apache.catalina.core.StandardEngineValve.invoke(StandardEngineValve.java:74)
	at org.apache.catalina.connector.CoyoteAdapter.service(CoyoteAdapter.java:344)
	at org.apache.coyote.http11.Http11Processor.service(Http11Processor.java:391)
	at org.apache.coyote.AbstractProcessorLight.process(AbstractProcessorLight.java:63)
	at org.apache.coyote.AbstractProtocol$ConnectionHandler.process(AbstractProtocol.java:896)
	at org.apache.tomcat.util.net.NioEndpoint$SocketProcessor.doRun(NioEndpoint.java:1736)
	at org.apache.tomcat.util.net.SocketProcessorBase.run(SocketProcessorBase.java:52)
	at org.apache.tomcat.util.threads.ThreadPoolExecutor.runWorker(ThreadPoolExecutor.java:1191)
	at org.apache.tomcat.util.threads.ThreadPoolExecutor$Worker.run(ThreadPoolExecutor.java:659)
	at org.apache.tomcat.util.threads.TaskThread$WrappingRunnable.run(TaskThread.java:63)
	at java.base/java.lang.Thread.run(Thread.java:1474)
12:28:00.791 [http-nio-8082-exec-4] WARN  o.s.w.s.m.m.a.ExceptionHandlerExceptionResolver - Resolved [org.springframework.web.servlet.resource.NoResourceFoundException: No static resource camunda-welcome.]
12:28:46.273 [http-nio-8082-exec-3] INFO  o.u.i.c.EnvironmentController - [Environment API] Participant 'Participant_1mq5hg5' position set to: Parking
12:29:51.898 [http-nio-8082-exec-5] INFO  o.u.i.c.EnvironmentController - [Environment API] Participant 'Participant_0q1sid6' position set to: Parking
12:37:33.371 [SpringApplicationShutdownHook] INFO  org.camunda.bpm.engine.jobexecutor - ENGINE-14015 Shutting down the JobExecutor[org.camunda.bpm.engine.spring.components.jobexecutor.SpringJobExecutor]
12:37:33.372 [JobExecutor[org.camunda.bpm.engine.spring.components.jobexecutor.SpringJobExecutor]] INFO  org.camunda.bpm.engine.jobexecutor - ENGINE-14020 JobExecutor[org.camunda.bpm.engine.spring.components.jobexecutor.SpringJobExecutor] stopped job acquisition
12:37:33.375 [SpringApplicationShutdownHook] INFO  org.camunda.bpm.engine - ENGINE-00007 Process Engine default closed
12:37:33.376 [SpringApplicationShutdownHook] INFO  o.s.j.d.e.EmbeddedDatabaseFactory - Shutting down embedded database: url='jdbc:h2:mem:57de2e8f-5926-4db3-ae36-d364e6459e2d;DB_CLOSE_DELAY=-1;DB_CLOSE_ON_EXIT=false'
18:45:00.782 [background-preinit] INFO  o.h.validator.internal.util.Version - HV000001: Hibernate Validator 8.0.1.Final
18:45:00.827 [restartedMain] INFO  org.unicam.intermediate.Application - Starting Application using Java 25.0.4 with PID 32856 (C:\Projects\BEE_Location-based_Game\BEE\camunda-bpmn-engine\target\classes started by andre in C:\Projects\BEE_Location-based_Game\BEE\camunda-bpmn-engine)
18:45:00.827 [restartedMain] INFO  org.unicam.intermediate.Application - No active profile set, falling back to 1 default profile: "default"
18:45:00.881 [restartedMain] INFO  o.s.b.d.restart.ChangeableUrls - The Class-Path manifest attribute in C:\Users\andre\.m2\repository\com\sun\xml\bind\jaxb-impl\4.0.5\jaxb-impl-4.0.5.jar referenced one or more files that do not exist: file:/C:/Users/andre/.m2/repository/com/sun/xml/bind/jaxb-impl/4.0.5/jaxb-core.jar,file:/C:/Users/andre/.m2/repository/com/sun/xml/bind/jaxb-impl/4.0.5/angus-activation.jar
18:45:00.881 [restartedMain] INFO  o.s.b.d.restart.ChangeableUrls - The Class-Path manifest attribute in C:\Users\andre\.m2\repository\com\sun\xml\bind\jaxb-core\4.0.5\jaxb-core-4.0.5.jar referenced one or more files that do not exist: file:/C:/Users/andre/.m2/repository/com/sun/xml/bind/jaxb-core/4.0.5/jakarta.activation-api.jar,file:/C:/Users/andre/.m2/repository/com/sun/xml/bind/jaxb-core/4.0.5/jakarta.xml.bind-api.jar
18:45:00.882 [restartedMain] INFO  o.s.b.d.restart.ChangeableUrls - The Class-Path manifest attribute in C:\Users\andre\.m2\repository\org\glassfish\hk2\hk2\3.0.6\hk2-3.0.6.jar referenced one or more files that do not exist: file:/C:/Users/andre/.m2/repository/org/glassfish/hk2/hk2/3.0.6/hk2-utils.jar,file:/C:/Users/andre/.m2/repository/org/glassfish/hk2/hk2/3.0.6/jakarta.annotation-api.jar,file:/C:/Users/andre/.m2/repository/org/glassfish/hk2/hk2/3.0.6/jakarta.inject-api.jar,file:/C:/Users/andre/.m2/repository/org/glassfish/hk2/hk2/3.0.6/hk2-api.jar,file:/C:/Users/andre/.m2/repository/org/glassfish/hk2/hk2/3.0.6/aopalliance-repackaged.jar,file:/C:/Users/andre/.m2/repository/org/glassfish/hk2/hk2/3.0.6/hk2-core.jar,file:/C:/Users/andre/.m2/repository/org/glassfish/hk2/hk2/3.0.6/hk2-locator.jar,file:/C:/Users/andre/.m2/repository/org/glassfish/hk2/hk2/3.0.6/javassist.jar,file:/C:/Users/andre/.m2/repository/org/glassfish/hk2/hk2/3.0.6/hk2-runlevel.jar,file:/C:/Users/andre/.m2/repository/org/glassfish/hk2/hk2/3.0.6/class-model.jar,file:/C:/Users/andre/.m2/repository/org/glassfish/hk2/hk2/3.0.6/asm.jar,file:/C:/Users/andre/.m2/repository/org/glassfish/hk2/hk2/3.0.6/asm-analysis.jar,file:/C:/Users/andre/.m2/repository/org/glassfish/hk2/hk2/3.0.6/asm-commons.jar,file:/C:/Users/andre/.m2/repository/org/glassfish/hk2/hk2/3.0.6/asm-tree.jar,file:/C:/Users/andre/.m2/repository/org/glassfish/hk2/hk2/3.0.6/asm-util.jar
18:45:00.882 [restartedMain] INFO  o.s.b.d.e.DevToolsPropertyDefaultsPostProcessor - Devtools property defaults active! Set 'spring.devtools.add-properties' to 'false' to disable
18:45:00.882 [restartedMain] INFO  o.s.b.d.e.DevToolsPropertyDefaultsPostProcessor - For additional web related logging consider setting the 'logging.level.web' property to 'DEBUG'
18:45:02.716 [restartedMain] INFO  o.s.b.w.e.tomcat.TomcatWebServer - Tomcat initialized with port 8082 (http)
18:45:02.735 [restartedMain] INFO  o.a.coyote.http11.Http11NioProtocol - Initializing ProtocolHandler ["http-nio-8082"]
18:45:02.738 [restartedMain] INFO  o.a.catalina.core.StandardService - Starting service [Tomcat]
18:45:02.739 [restartedMain] INFO  o.a.catalina.core.StandardEngine - Starting Servlet engine: [Apache Tomcat/10.1.20]
18:45:02.820 [restartedMain] INFO  o.a.c.c.C.[Tomcat].[localhost].[/] - Initializing Spring embedded WebApplicationContext
18:45:02.821 [restartedMain] INFO  o.s.b.w.s.c.ServletWebServerApplicationContext - Root WebApplicationContext: initialization completed in 1937 ms
18:45:02.844 [restartedMain] INFO  o.c.b.s.b.s.r.CamundaJerseyResourceConfig - Configuring camunda rest api.
18:45:02.861 [restartedMain] INFO  o.c.b.s.b.s.r.CamundaJerseyResourceConfig - Finished configuring camunda rest api.
18:45:03.064 [restartedMain] INFO  o.s.j.d.e.EmbeddedDatabaseFactory - Starting embedded database: url='jdbc:h2:mem:901e0237-9b2c-4e26-b0d3-e714fa78b1f4;DB_CLOSE_DELAY=-1;DB_CLOSE_ON_EXIT=false', username='sa'
18:45:03.290 [restartedMain] INFO  o.s.b.a.h.H2ConsoleAutoConfiguration - H2 console available at '/h2-console'. Database available at 'jdbc:h2:mem:901e0237-9b2c-4e26-b0d3-e714fa78b1f4'
18:45:03.478 [restartedMain] INFO  org.camunda.bpm.spring.boot - STARTER-SB040 Setting up jobExecutor with corePoolSize=3, maxPoolSize:10
18:45:03.553 [restartedMain] INFO  org.camunda.bpm.engine.cfg - ENGINE-12003 Plugin 'CompositeProcessEnginePlugin[genericPropertiesConfiguration, camundaConfig, camundaProcessEngineConfiguration, camundaDatasourceConfiguration, camundaJobConfiguration, camundaHistoryConfiguration, camundaMetricsConfiguration, camundaAuthorizationConfiguration, camundaDeploymentConfiguration, createAdminUserConfiguration, failedJobConfiguration, , eventPublisherPlugin, ApplicationContextClassloaderSwitchPlugin]' activated on process engine 'default'
18:45:04.437 [restartedMain] INFO  org.camunda.bpm.spring.boot - STARTER-SB021 Auto-Deploying resources: []
18:45:04.440 [restartedMain] INFO  o.u.i.config.CamundaConfig - [CamundaConfig] Registered parse listeners
18:45:04.441 [restartedMain] INFO  o.c.b.s.b.s.e.EventPublisherPlugin - EVENTING-001: Initialized Camunda Spring Boot Eventing Engine Plugin.
18:45:04.441 [restartedMain] INFO  o.c.b.s.b.s.e.EventPublisherPlugin - EVENTING-003: Task events will be published as Spring Events.
18:45:04.442 [restartedMain] INFO  o.c.b.s.b.s.e.EventPublisherPlugin - EVENTING-005: Execution events will be published as Spring Events.
18:45:04.442 [restartedMain] INFO  o.c.b.s.b.s.e.EventPublisherPlugin - EVENTING-009: Listeners will not be invoked if a skipCustomListeners API parameter is set to true by user.
18:45:04.444 [restartedMain] INFO  o.c.b.s.b.s.e.EventPublisherPlugin - EVENTING-007: History events will be published as Spring events.
18:45:06.656 [restartedMain] INFO  org.camunda.bpm.engine.persistence - ENGINE-03016 Performing database operation 'create' on component 'engine' with resource 'org/camunda/bpm/engine/db/create/activiti.h2.create.engine.sql'
18:45:06.682 [restartedMain] INFO  org.camunda.bpm.engine.persistence - ENGINE-03016 Performing database operation 'create' on component 'history' with resource 'org/camunda/bpm/engine/db/create/activiti.h2.create.history.sql'
18:45:06.689 [restartedMain] INFO  org.camunda.bpm.engine.persistence - ENGINE-03016 Performing database operation 'create' on component 'identity' with resource 'org/camunda/bpm/engine/db/create/activiti.h2.create.identity.sql'
18:45:06.698 [restartedMain] INFO  org.camunda.bpm.engine.persistence - ENGINE-03016 Performing database operation 'create' on component 'case.engine' with resource 'org/camunda/bpm/engine/db/create/activiti.h2.create.case.engine.sql'
18:45:06.701 [restartedMain] INFO  org.camunda.bpm.engine.persistence - ENGINE-03016 Performing database operation 'create' on component 'case.history' with resource 'org/camunda/bpm/engine/db/create/activiti.h2.create.case.history.sql'
18:45:06.703 [restartedMain] INFO  org.camunda.bpm.engine.persistence - ENGINE-03016 Performing database operation 'create' on component 'decision.engine' with resource 'org/camunda/bpm/engine/db/create/activiti.h2.create.decision.engine.sql'
18:45:06.709 [restartedMain] INFO  org.camunda.bpm.engine.persistence - ENGINE-03016 Performing database operation 'create' on component 'decision.history' with resource 'org/camunda/bpm/engine/db/create/activiti.h2.create.decision.history.sql'
18:45:06.737 [restartedMain] INFO  org.camunda.bpm.engine.persistence - ENGINE-03067 No history level property found in database
18:45:06.738 [restartedMain] INFO  org.camunda.bpm.engine.persistence - ENGINE-03065 Creating historyLevel property in database for level: HistoryLevelFull(name=full, id=3)
18:45:06.756 [restartedMain] INFO  org.camunda.bpm.engine - ENGINE-00001 Process Engine default created.
18:45:07.021 [restartedMain] INFO  o.u.i.s.e.EnvironmentDataService - [EnvironmentDataService] app.scenario is empty, skipping environment configuration loading
18:45:07.023 [restartedMain] INFO  o.u.i.s.p.ParticipantDataService - [ParticipantDataService] app.scenario is empty, skipping participants configuration loading
18:45:07.023 [restartedMain] INFO  o.u.i.s.p.ParticipantDataService - [ParticipantDataService] Total participants in map after loading: 0
18:45:07.077 [restartedMain] INFO  o.u.i.service.TaskTypeRegistry - [TaskTypeRegistry] Initialized with 3 task types
18:45:07.216 [restartedMain] WARN  o.s.b.a.s.s.UserDetailsServiceAutoConfiguration - 

Using generated security password: a42c8c32-d4d1-4cb8-a16a-85c5b213c3a0

This generated password is for development use only. Your security configuration must be updated before running your application in production.

18:45:07.526 [restartedMain] INFO  o.s.b.a.e.web.EndpointLinksResolver - Exposing 1 endpoint(s) beneath base path '/actuator'
18:45:07.568 [restartedMain] INFO  o.s.s.web.DefaultSecurityFilterChain - Will secure any request with [org.springframework.security.web.session.DisableEncodeUrlFilter@5973022, org.springframework.security.web.context.request.async.WebAsyncManagerIntegrationFilter@627b0928, org.springframework.security.web.context.SecurityContextHolderFilter@591c2ab8, org.springframework.security.web.header.HeaderWriterFilter@5d36b1ad, org.springframework.web.filter.CorsFilter@30bac597, org.springframework.security.web.authentication.logout.LogoutFilter@1094f5e2, org.springframework.security.web.savedrequest.RequestCacheAwareFilter@27c21143, org.springframework.security.web.servletapi.SecurityContextHolderAwareRequestFilter@3a6166ef, org.springframework.security.web.authentication.AnonymousAuthenticationFilter@58618e39, org.springframework.security.web.access.ExceptionTranslationFilter@488b6d72, org.springframework.security.web.access.intercept.AuthorizationFilter@389be20a]
18:45:07.743 [restartedMain] INFO  o.c.b.s.b.s.w.f.LazyInitRegistration - lazy initialized org.camunda.bpm.spring.boot.starter.webapp.filter.LazySecurityFilter@48a94419
18:45:07.744 [restartedMain] INFO  o.c.b.s.b.s.w.f.LazyInitRegistration - lazy initialized org.camunda.bpm.spring.boot.starter.webapp.filter.LazyProcessEnginesFilter@317ad35e
18:45:07.877 [restartedMain] INFO  o.s.b.d.a.OptionalLiveReloadServer - LiveReload server is running on port 35729
18:45:07.920 [restartedMain] INFO  o.a.coyote.http11.Http11NioProtocol - Starting ProtocolHandler ["http-nio-8082"]
18:45:07.930 [restartedMain] INFO  o.s.b.w.e.tomcat.TomcatWebServer - Tomcat started on port 8082 (http) with context path ''
18:45:07.944 [restartedMain] INFO  org.unicam.intermediate.Application - Started Application in 7.506 seconds (process running for 8.232)
18:45:08.018 [restartedMain] INFO  o.u.i.config.EnvironmentInitializer - [EnvironmentInitializer] Initializing Environment on startup
18:45:08.018 [restartedMain] INFO  o.u.i.s.e.EnvironmentDataService - [EnvironmentDataService] app.scenario is empty, skipping environment configuration loading
18:45:08.018 [restartedMain] WARN  o.u.i.config.EnvironmentInitializer - [EnvironmentInitializer] Environment is empty - deploy a process with environment.json
18:45:08.018 [restartedMain] INFO  o.u.i.config.UserInitializer - [UserInitializer] Starting user and group initialization...
18:45:08.021 [restartedMain] INFO  o.u.i.config.UserInitializer - [UserInitializer] Created NEW group: students
18:45:08.024 [restartedMain] INFO  o.u.i.config.UserInitializer - [UserInitializer] Created NEW group: tutors
18:45:08.030 [restartedMain] INFO  o.u.i.config.UserInitializer - [UserInitializer] Added aa to students group
18:45:08.033 [restartedMain] INFO  o.u.i.config.UserInitializer - [UserInitializer] Created NEW group: admins
18:45:08.036 [restartedMain] INFO  o.u.i.config.UserInitializer - [UserInitializer] ========================================
18:45:08.036 [restartedMain] INFO  o.u.i.config.UserInitializer - [UserInitializer] Initialization completed successfully!
18:45:08.036 [restartedMain] INFO  o.u.i.config.UserInitializer - [UserInitializer] ========================================.
18:45:08.038 [restartedMain] INFO  o.u.i.config.UserInitializer - [UserInitializer] Current users count: 2
18:45:08.039 [restartedMain] INFO  o.u.i.config.UserInitializer - [UserInitializer] Current groups count: 4
18:45:08.040 [restartedMain] INFO  o.u.i.config.UserInitializer - [UserInitializer] 
18:45:08.040 [restartedMain] INFO  o.u.i.config.UserInitializer - [UserInitializer] Camunda Cockpit: http://localhost:8082/camunda
18:45:08.040 [restartedMain] INFO  o.u.i.config.UserInitializer - [UserInitializer] 
18:45:08.040 [restartedMain] INFO  o.u.i.config.UserInitializer - [UserInitializer] All users in system:
18:45:08.043 [restartedMain] INFO  o.u.i.config.UserInitializer - [UserInitializer]   - aa (a a) - Groups: [admins, students]
18:45:08.046 [restartedMain] INFO  o.u.i.config.UserInitializer - [UserInitializer]   - demo (demo Demo) - Groups: [camunda-admin]
18:45:08.048 [restartedMain] INFO  o.u.i.config.DeploymentJsonLogger - [DeploymentJsonLogger] Initialized with 0 existing deployments
18:45:08.049 [restartedMain] INFO  o.u.i.config.MessageFlowRegistrar - [MessageFlowRegistrar] Application ready - registering message flows for all deployed processes
18:45:08.051 [restartedMain] INFO  org.camunda.bpm.engine.jobexecutor - ENGINE-14014 Starting up the JobExecutor[org.camunda.bpm.engine.spring.components.jobexecutor.SpringJobExecutor].
18:45:08.053 [JobExecutor[org.camunda.bpm.engine.spring.components.jobexecutor.SpringJobExecutor]] INFO  org.camunda.bpm.engine.jobexecutor - ENGINE-14018 JobExecutor[org.camunda.bpm.engine.spring.components.jobexecutor.SpringJobExecutor] starting to acquire jobs
18:45:31.340 [http-nio-8082-exec-2] INFO  o.a.c.c.C.[Tomcat].[localhost].[/] - Initializing Spring DispatcherServlet 'dispatcherServlet'
18:45:31.340 [http-nio-8082-exec-2] INFO  o.s.web.servlet.DispatcherServlet - Initializing Servlet 'dispatcherServlet'
18:45:31.341 [http-nio-8082-exec-2] INFO  o.s.web.servlet.DispatcherServlet - Completed initialization in 1 ms
18:45:39.764 [SpringApplicationShutdownHook] INFO  org.camunda.bpm.engine.jobexecutor - ENGINE-14015 Shutting down the JobExecutor[org.camunda.bpm.engine.spring.components.jobexecutor.SpringJobExecutor]
18:45:39.764 [JobExecutor[org.camunda.bpm.engine.spring.components.jobexecutor.SpringJobExecutor]] INFO  org.camunda.bpm.engine.jobexecutor - ENGINE-14020 JobExecutor[org.camunda.bpm.engine.spring.components.jobexecutor.SpringJobExecutor] stopped job acquisition
18:45:39.767 [SpringApplicationShutdownHook] INFO  org.camunda.bpm.engine - ENGINE-00007 Process Engine default closed
18:45:39.769 [SpringApplicationShutdownHook] INFO  o.s.j.d.e.EmbeddedDatabaseFactory - Shutting down embedded database: url='jdbc:h2:mem:901e0237-9b2c-4e26-b0d3-e714fa78b1f4;DB_CLOSE_DELAY=-1;DB_CLOSE_ON_EXIT=false'
18:54:09.746 [background-preinit] INFO  o.h.validator.internal.util.Version - HV000001: Hibernate Validator 8.0.1.Final
18:54:09.782 [restartedMain] INFO  org.unicam.intermediate.Application - Starting Application using Java 25.0.4 with PID 34760 (C:\Projects\BEE_Location-based_Game\BEE\camunda-bpmn-engine\target\classes started by andre in C:\Projects\BEE_Location-based_Game\BEE\camunda-bpmn-engine)
18:54:09.783 [restartedMain] INFO  org.unicam.intermediate.Application - No active profile set, falling back to 1 default profile: "default"
18:54:09.820 [restartedMain] INFO  o.s.b.d.restart.ChangeableUrls - The Class-Path manifest attribute in C:\Users\andre\.m2\repository\com\sun\xml\bind\jaxb-impl\4.0.5\jaxb-impl-4.0.5.jar referenced one or more files that do not exist: file:/C:/Users/andre/.m2/repository/com/sun/xml/bind/jaxb-impl/4.0.5/jaxb-core.jar,file:/C:/Users/andre/.m2/repository/com/sun/xml/bind/jaxb-impl/4.0.5/angus-activation.jar
18:54:09.820 [restartedMain] INFO  o.s.b.d.restart.ChangeableUrls - The Class-Path manifest attribute in C:\Users\andre\.m2\repository\com\sun\xml\bind\jaxb-core\4.0.5\jaxb-core-4.0.5.jar referenced one or more files that do not exist: file:/C:/Users/andre/.m2/repository/com/sun/xml/bind/jaxb-core/4.0.5/jakarta.activation-api.jar,file:/C:/Users/andre/.m2/repository/com/sun/xml/bind/jaxb-core/4.0.5/jakarta.xml.bind-api.jar
18:54:09.820 [restartedMain] INFO  o.s.b.d.restart.ChangeableUrls - The Class-Path manifest attribute in C:\Users\andre\.m2\repository\org\glassfish\hk2\hk2\3.0.6\hk2-3.0.6.jar referenced one or more files that do not exist: file:/C:/Users/andre/.m2/repository/org/glassfish/hk2/hk2/3.0.6/hk2-utils.jar,file:/C:/Users/andre/.m2/repository/org/glassfish/hk2/hk2/3.0.6/jakarta.annotation-api.jar,file:/C:/Users/andre/.m2/repository/org/glassfish/hk2/hk2/3.0.6/jakarta.inject-api.jar,file:/C:/Users/andre/.m2/repository/org/glassfish/hk2/hk2/3.0.6/hk2-api.jar,file:/C:/Users/andre/.m2/repository/org/glassfish/hk2/hk2/3.0.6/aopalliance-repackaged.jar,file:/C:/Users/andre/.m2/repository/org/glassfish/hk2/hk2/3.0.6/hk2-core.jar,file:/C:/Users/andre/.m2/repository/org/glassfish/hk2/hk2/3.0.6/hk2-locator.jar,file:/C:/Users/andre/.m2/repository/org/glassfish/hk2/hk2/3.0.6/javassist.jar,file:/C:/Users/andre/.m2/repository/org/glassfish/hk2/hk2/3.0.6/hk2-runlevel.jar,file:/C:/Users/andre/.m2/repository/org/glassfish/hk2/hk2/3.0.6/class-model.jar,file:/C:/Users/andre/.m2/repository/org/glassfish/hk2/hk2/3.0.6/asm.jar,file:/C:/Users/andre/.m2/repository/org/glassfish/hk2/hk2/3.0.6/asm-analysis.jar,file:/C:/Users/andre/.m2/repository/org/glassfish/hk2/hk2/3.0.6/asm-commons.jar,file:/C:/Users/andre/.m2/repository/org/glassfish/hk2/hk2/3.0.6/asm-tree.jar,file:/C:/Users/andre/.m2/repository/org/glassfish/hk2/hk2/3.0.6/asm-util.jar
18:54:09.820 [restartedMain] INFO  o.s.b.d.e.DevToolsPropertyDefaultsPostProcessor - Devtools property defaults active! Set 'spring.devtools.add-properties' to 'false' to disable
18:54:09.821 [restartedMain] INFO  o.s.b.d.e.DevToolsPropertyDefaultsPostProcessor - For additional web related logging consider setting the 'logging.level.web' property to 'DEBUG'
18:54:11.292 [restartedMain] INFO  o.s.b.w.e.tomcat.TomcatWebServer - Tomcat initialized with port 8082 (http)
18:54:11.301 [restartedMain] INFO  o.a.coyote.http11.Http11NioProtocol - Initializing ProtocolHandler ["http-nio-8082"]
18:54:11.303 [restartedMain] INFO  o.a.catalina.core.StandardService - Starting service [Tomcat]
18:54:11.303 [restartedMain] INFO  o.a.catalina.core.StandardEngine - Starting Servlet engine: [Apache Tomcat/10.1.20]
18:54:11.366 [restartedMain] INFO  o.a.c.c.C.[Tomcat].[localhost].[/] - Initializing Spring embedded WebApplicationContext
18:54:11.366 [restartedMain] INFO  o.s.b.w.s.c.ServletWebServerApplicationContext - Root WebApplicationContext: initialization completed in 1545 ms
18:54:11.384 [restartedMain] INFO  o.c.b.s.b.s.r.CamundaJerseyResourceConfig - Configuring camunda rest api.
18:54:11.397 [restartedMain] INFO  o.c.b.s.b.s.r.CamundaJerseyResourceConfig - Finished configuring camunda rest api.
18:54:11.545 [restartedMain] INFO  o.s.j.d.e.EmbeddedDatabaseFactory - Starting embedded database: url='jdbc:h2:mem:bd7facc3-38c5-42ca-b5ee-b6de5d3379e7;DB_CLOSE_DELAY=-1;DB_CLOSE_ON_EXIT=false', username='sa'
18:54:11.733 [restartedMain] INFO  o.s.b.a.h.H2ConsoleAutoConfiguration - H2 console available at '/h2-console'. Database available at 'jdbc:h2:mem:bd7facc3-38c5-42ca-b5ee-b6de5d3379e7'
18:54:11.903 [restartedMain] INFO  org.camunda.bpm.spring.boot - STARTER-SB040 Setting up jobExecutor with corePoolSize=3, maxPoolSize:10
18:54:11.970 [restartedMain] INFO  org.camunda.bpm.engine.cfg - ENGINE-12003 Plugin 'CompositeProcessEnginePlugin[genericPropertiesConfiguration, camundaConfig, camundaProcessEngineConfiguration, camundaDatasourceConfiguration, camundaJobConfiguration, camundaHistoryConfiguration, camundaMetricsConfiguration, camundaAuthorizationConfiguration, camundaDeploymentConfiguration, createAdminUserConfiguration, failedJobConfiguration, , eventPublisherPlugin, ApplicationContextClassloaderSwitchPlugin]' activated on process engine 'default'
18:54:12.897 [restartedMain] INFO  org.camunda.bpm.spring.boot - STARTER-SB021 Auto-Deploying resources: []
18:54:12.899 [restartedMain] INFO  o.u.i.config.CamundaConfig - [CamundaConfig] Registered parse listeners
18:54:12.899 [restartedMain] INFO  o.c.b.s.b.s.e.EventPublisherPlugin - EVENTING-001: Initialized Camunda Spring Boot Eventing Engine Plugin.
18:54:12.900 [restartedMain] INFO  o.c.b.s.b.s.e.EventPublisherPlugin - EVENTING-003: Task events will be published as Spring Events.
18:54:12.900 [restartedMain] INFO  o.c.b.s.b.s.e.EventPublisherPlugin - EVENTING-005: Execution events will be published as Spring Events.
18:54:12.900 [restartedMain] INFO  o.c.b.s.b.s.e.EventPublisherPlugin - EVENTING-009: Listeners will not be invoked if a skipCustomListeners API parameter is set to true by user.
18:54:12.901 [restartedMain] INFO  o.c.b.s.b.s.e.EventPublisherPlugin - EVENTING-007: History events will be published as Spring events.
18:54:15.062 [restartedMain] INFO  org.camunda.bpm.engine.persistence - ENGINE-03016 Performing database operation 'create' on component 'engine' with resource 'org/camunda/bpm/engine/db/create/activiti.h2.create.engine.sql'
18:54:15.087 [restartedMain] INFO  org.camunda.bpm.engine.persistence - ENGINE-03016 Performing database operation 'create' on component 'history' with resource 'org/camunda/bpm/engine/db/create/activiti.h2.create.history.sql'
18:54:15.094 [restartedMain] INFO  org.camunda.bpm.engine.persistence - ENGINE-03016 Performing database operation 'create' on component 'identity' with resource 'org/camunda/bpm/engine/db/create/activiti.h2.create.identity.sql'
18:54:15.101 [restartedMain] INFO  org.camunda.bpm.engine.persistence - ENGINE-03016 Performing database operation 'create' on component 'case.engine' with resource 'org/camunda/bpm/engine/db/create/activiti.h2.create.case.engine.sql'
18:54:15.104 [restartedMain] INFO  org.camunda.bpm.engine.persistence - ENGINE-03016 Performing database operation 'create' on component 'case.history' with resource 'org/camunda/bpm/engine/db/create/activiti.h2.create.case.history.sql'
18:54:15.105 [restartedMain] INFO  org.camunda.bpm.engine.persistence - ENGINE-03016 Performing database operation 'create' on component 'decision.engine' with resource 'org/camunda/bpm/engine/db/create/activiti.h2.create.decision.engine.sql'
18:54:15.109 [restartedMain] INFO  org.camunda.bpm.engine.persistence - ENGINE-03016 Performing database operation 'create' on component 'decision.history' with resource 'org/camunda/bpm/engine/db/create/activiti.h2.create.decision.history.sql'
18:54:15.133 [restartedMain] INFO  org.camunda.bpm.engine.persistence - ENGINE-03067 No history level property found in database
18:54:15.134 [restartedMain] INFO  org.camunda.bpm.engine.persistence - ENGINE-03065 Creating historyLevel property in database for level: HistoryLevelFull(name=full, id=3)
18:54:15.150 [restartedMain] INFO  org.camunda.bpm.engine - ENGINE-00001 Process Engine default created.
18:54:15.379 [restartedMain] INFO  o.u.i.s.e.EnvironmentDataService - [EnvironmentDataService] app.scenario is empty, skipping environment configuration loading
18:54:15.381 [restartedMain] INFO  o.u.i.s.p.ParticipantDataService - [ParticipantDataService] app.scenario is empty, skipping participants configuration loading
18:54:15.382 [restartedMain] INFO  o.u.i.s.p.ParticipantDataService - [ParticipantDataService] Total participants in map after loading: 0
18:54:15.452 [restartedMain] INFO  o.u.i.service.TaskTypeRegistry - [TaskTypeRegistry] Initialized with 3 task types
18:54:15.593 [restartedMain] WARN  o.s.b.a.s.s.UserDetailsServiceAutoConfiguration - 

Using generated security password: b2a426ae-04e1-44fc-a45e-9b02974a7fa8

This generated password is for development use only. Your security configuration must be updated before running your application in production.

18:54:15.962 [restartedMain] INFO  o.s.b.a.e.web.EndpointLinksResolver - Exposing 1 endpoint(s) beneath base path '/actuator'
18:54:16.023 [restartedMain] INFO  o.s.s.web.DefaultSecurityFilterChain - Will secure any request with [org.springframework.security.web.session.DisableEncodeUrlFilter@30013e0c, org.springframework.security.web.context.request.async.WebAsyncManagerIntegrationFilter@9d52a32, org.springframework.security.web.context.SecurityContextHolderFilter@7e83ddd2, org.springframework.security.web.header.HeaderWriterFilter@785667f, org.springframework.web.filter.CorsFilter@77f61c1e, org.springframework.security.web.authentication.logout.LogoutFilter@559c3126, org.springframework.security.web.savedrequest.RequestCacheAwareFilter@2aff23d1, org.springframework.security.web.servletapi.SecurityContextHolderAwareRequestFilter@2d6ecbcb, org.springframework.security.web.authentication.AnonymousAuthenticationFilter@17f00131, org.springframework.security.web.access.ExceptionTranslationFilter@2438c30, org.springframework.security.web.access.intercept.AuthorizationFilter@2d77741]
18:54:16.212 [restartedMain] INFO  o.c.b.s.b.s.w.f.LazyInitRegistration - lazy initialized org.camunda.bpm.spring.boot.starter.webapp.filter.LazySecurityFilter@68571981
18:54:16.218 [restartedMain] INFO  o.c.b.s.b.s.w.f.LazyInitRegistration - lazy initialized org.camunda.bpm.spring.boot.starter.webapp.filter.LazyProcessEnginesFilter@306fb722
18:54:16.365 [restartedMain] INFO  o.s.b.d.a.OptionalLiveReloadServer - LiveReload server is running on port 35729
18:54:16.412 [restartedMain] INFO  o.a.coyote.http11.Http11NioProtocol - Starting ProtocolHandler ["http-nio-8082"]
18:54:16.422 [restartedMain] INFO  o.s.b.w.e.tomcat.TomcatWebServer - Tomcat started on port 8082 (http) with context path ''
18:54:16.434 [restartedMain] INFO  org.unicam.intermediate.Application - Started Application in 6.946 seconds (process running for 7.553)
18:54:16.503 [restartedMain] INFO  o.u.i.config.EnvironmentInitializer - [EnvironmentInitializer] Initializing Environment on startup
18:54:16.503 [restartedMain] INFO  o.u.i.s.e.EnvironmentDataService - [EnvironmentDataService] app.scenario is empty, skipping environment configuration loading
18:54:16.503 [restartedMain] WARN  o.u.i.config.EnvironmentInitializer - [EnvironmentInitializer] Environment is empty - deploy a process with environment.json
18:54:16.503 [restartedMain] INFO  o.u.i.config.UserInitializer - [UserInitializer] Starting user and group initialization...
18:54:16.509 [restartedMain] INFO  o.u.i.config.UserInitializer - [UserInitializer] Created NEW group: students
18:54:16.510 [restartedMain] INFO  o.u.i.config.UserInitializer - [UserInitializer] Created NEW group: tutors
18:54:16.517 [restartedMain] INFO  o.u.i.config.UserInitializer - [UserInitializer] Added aa to students group
18:54:16.524 [restartedMain] INFO  o.u.i.config.UserInitializer - [UserInitializer] Created NEW group: admins
18:54:16.524 [restartedMain] INFO  o.u.i.config.UserInitializer - [UserInitializer] ========================================
18:54:16.524 [restartedMain] INFO  o.u.i.config.UserInitializer - [UserInitializer] Initialization completed successfully!
18:54:16.524 [restartedMain] INFO  o.u.i.config.UserInitializer - [UserInitializer] ========================================.
18:54:16.524 [restartedMain] INFO  o.u.i.config.UserInitializer - [UserInitializer] Current users count: 2
18:54:16.531 [restartedMain] INFO  o.u.i.config.UserInitializer - [UserInitializer] Current groups count: 4
18:54:16.531 [restartedMain] INFO  o.u.i.config.UserInitializer - [UserInitializer] 
18:54:16.531 [restartedMain] INFO  o.u.i.config.UserInitializer - [UserInitializer] Camunda Cockpit: http://localhost:8082/camunda
18:54:16.531 [restartedMain] INFO  o.u.i.config.UserInitializer - [UserInitializer] 
18:54:16.531 [restartedMain] INFO  o.u.i.config.UserInitializer - [UserInitializer] All users in system:
18:54:16.531 [restartedMain] INFO  o.u.i.config.UserInitializer - [UserInitializer]   - aa (a a) - Groups: [admins, students]
18:54:16.539 [restartedMain] INFO  o.u.i.config.UserInitializer - [UserInitializer]   - demo (demo Demo) - Groups: [camunda-admin]
18:54:16.539 [restartedMain] INFO  o.u.i.config.DeploymentJsonLogger - [DeploymentJsonLogger] Initialized with 0 existing deployments
18:54:16.539 [restartedMain] INFO  o.u.i.config.MessageFlowRegistrar - [MessageFlowRegistrar] Application ready - registering message flows for all deployed processes
18:54:16.544 [restartedMain] INFO  org.camunda.bpm.engine.jobexecutor - ENGINE-14014 Starting up the JobExecutor[org.camunda.bpm.engine.spring.components.jobexecutor.SpringJobExecutor].
18:54:16.545 [JobExecutor[org.camunda.bpm.engine.spring.components.jobexecutor.SpringJobExecutor]] INFO  org.camunda.bpm.engine.jobexecutor - ENGINE-14018 JobExecutor[org.camunda.bpm.engine.spring.components.jobexecutor.SpringJobExecutor] starting to acquire jobs
18:54:31.330 [http-nio-8082-exec-1] INFO  o.a.c.c.C.[Tomcat].[localhost].[/] - Initializing Spring DispatcherServlet 'dispatcherServlet'
18:54:31.330 [http-nio-8082-exec-1] INFO  o.s.web.servlet.DispatcherServlet - Initializing Servlet 'dispatcherServlet'
18:54:31.330 [http-nio-8082-exec-1] INFO  o.s.web.servlet.DispatcherServlet - Completed initialization in 0 ms
18:59:58.930 [http-nio-8082-exec-9] ERROR o.u.i.e.GlobalExceptionHandler - [Unexpected Error] No static resource camunda-welcome.
org.springframework.web.servlet.resource.NoResourceFoundException: No static resource camunda-welcome.
	at org.springframework.web.servlet.resource.ResourceHttpRequestHandler.handleRequest(ResourceHttpRequestHandler.java:585)
	at org.springframework.web.servlet.mvc.HttpRequestHandlerAdapter.handle(HttpRequestHandlerAdapter.java:52)
	at org.springframework.web.servlet.DispatcherServlet.doDispatch(DispatcherServlet.java:1089)
	at org.springframework.web.servlet.DispatcherServlet.doService(DispatcherServlet.java:979)
	at org.springframework.web.servlet.FrameworkServlet.processRequest(FrameworkServlet.java:1014)
	at org.springframework.web.servlet.FrameworkServlet.doGet(FrameworkServlet.java:903)
	at jakarta.servlet.http.HttpServlet.service(HttpServlet.java:564)
	at org.springframework.web.servlet.FrameworkServlet.service(FrameworkServlet.java:885)
	at jakarta.servlet.http.HttpServlet.service(HttpServlet.java:658)
	at org.apache.catalina.core.ApplicationFilterChain.internalDoFilter(ApplicationFilterChain.java:206)
	at org.apache.catalina.core.ApplicationFilterChain.doFilter(ApplicationFilterChain.java:150)
	at org.apache.tomcat.websocket.server.WsFilter.doFilter(WsFilter.java:51)
	at org.apache.catalina.core.ApplicationFilterChain.internalDoFilter(ApplicationFilterChain.java:175)
	at org.apache.catalina.core.ApplicationFilterChain.doFilter(ApplicationFilterChain.java:150)
	at org.springframework.web.filter.RequestContextFilter.doFilterInternal(RequestContextFilter.java:100)
	at org.springframework.web.filter.OncePerRequestFilter.doFilter(OncePerRequestFilter.java:116)
	at org.apache.catalina.core.ApplicationFilterChain.internalDoFilter(ApplicationFilterChain.java:175)
	at org.apache.catalina.core.ApplicationFilterChain.doFilter(ApplicationFilterChain.java:150)
	at org.springframework.web.filter.CompositeFilter$VirtualFilterChain.doFilter(CompositeFilter.java:108)
	at org.springframework.security.web.FilterChainProxy.lambda$doFilterInternal$3(FilterChainProxy.java:231)
	at org.springframework.security.web.ObservationFilterChainDecorator$FilterObservation$SimpleFilterObservation.lambda$wrap$1(ObservationFilterChainDecorator.java:479)
	at org.springframework.security.web.ObservationFilterChainDecorator$AroundFilterObservation$SimpleAroundFilterObservation.lambda$wrap$1(ObservationFilterChainDecorator.java:340)
	at org.springframework.security.web.ObservationFilterChainDecorator.lambda$wrapSecured$0(ObservationFilterChainDecorator.java:82)
	at org.springframework.security.web.ObservationFilterChainDecorator$VirtualFilterChain.doFilter(ObservationFilterChainDecorator.java:128)
	at org.springframework.security.web.access.intercept.AuthorizationFilter.doFilter(AuthorizationFilter.java:100)
	at org.springframework.security.web.ObservationFilterChainDecorator$ObservationFilter.wrapFilter(ObservationFilterChainDecorator.java:240)
	at org.springframework.security.web.ObservationFilterChainDecorator$ObservationFilter.doFilter(ObservationFilterChainDecorator.java:227)
	at org.springframework.security.web.ObservationFilterChainDecorator$VirtualFilterChain.doFilter(ObservationFilterChainDecorator.java:137)
	at org.springframework.security.web.access.ExceptionTranslationFilter.doFilter(ExceptionTranslationFilter.java:126)
	at org.springframework.security.web.access.ExceptionTranslationFilter.doFilter(ExceptionTranslationFilter.java:120)
	at org.springframework.security.web.ObservationFilterChainDecorator$ObservationFilter.wrapFilter(ObservationFilterChainDecorator.java:240)
	at org.springframework.security.web.ObservationFilterChainDecorator$ObservationFilter.doFilter(ObservationFilterChainDecorator.java:227)
	at org.springframework.security.web.ObservationFilterChainDecorator$VirtualFilterChain.doFilter(ObservationFilterChainDecorator.java:137)
	at org.springframework.security.web.authentication.AnonymousAuthenticationFilter.doFilter(AnonymousAuthenticationFilter.java:100)
	at org.springframework.security.web.ObservationFilterChainDecorator$ObservationFilter.wrapFilter(ObservationFilterChainDecorator.java:240)
	at org.springframework.security.web.ObservationFilterChainDecorator$ObservationFilter.doFilter(ObservationFilterChainDecorator.java:227)
	at org.springframework.security.web.ObservationFilterChainDecorator$VirtualFilterChain.doFilter(ObservationFilterChainDecorator.java:137)
	at org.springframework.security.web.servletapi.SecurityContextHolderAwareRequestFilter.doFilter(SecurityContextHolderAwareRequestFilter.java:179)
	at org.springframework.security.web.ObservationFilterChainDecorator$ObservationFilter.wrapFilter(ObservationFilterChainDecorator.java:240)
	at org.springframework.security.web.ObservationFilterChainDecorator$ObservationFilter.doFilter(ObservationFilterChainDecorator.java:227)
	at org.springframework.security.web.ObservationFilterChainDecorator$VirtualFilterChain.doFilter(ObservationFilterChainDecorator.java:137)
	at org.springframework.security.web.savedrequest.RequestCacheAwareFilter.doFilter(RequestCacheAwareFilter.java:63)
	at org.springframework.security.web.ObservationFilterChainDecorator$ObservationFilter.wrapFilter(ObservationFilterChainDecorator.java:240)
	at org.springframework.security.web.ObservationFilterChainDecorator$ObservationFilter.doFilter(ObservationFilterChainDecorator.java:227)
	at org.springframework.security.web.ObservationFilterChainDecorator$VirtualFilterChain.doFilter(ObservationFilterChainDecorator.java:137)
	at org.springframework.security.web.authentication.logout.LogoutFilter.doFilter(LogoutFilter.java:107)
	at org.springframework.security.web.authentication.logout.LogoutFilter.doFilter(LogoutFilter.java:93)
	at org.springframework.security.web.ObservationFilterChainDecorator$ObservationFilter.wrapFilter(ObservationFilterChainDecorator.java:240)
	at org.springframework.security.web.ObservationFilterChainDecorator$ObservationFilter.doFilter(ObservationFilterChainDecorator.java:227)
	at org.springframework.security.web.ObservationFilterChainDecorator$VirtualFilterChain.doFilter(ObservationFilterChainDecorator.java:137)
	at org.springframework.web.filter.CorsFilter.doFilterInternal(CorsFilter.java:91)
	at org.springframework.web.filter.OncePerRequestFilter.doFilter(OncePerRequestFilter.java:116)
	at org.springframework.security.web.ObservationFilterChainDecorator$ObservationFilter.wrapFilter(ObservationFilterChainDecorator.java:240)
	at org.springframework.security.web.ObservationFilterChainDecorator$ObservationFilter.doFilter(ObservationFilterChainDecorator.java:227)
	at org.springframework.security.web.ObservationFilterChainDecorator$VirtualFilterChain.doFilter(ObservationFilterChainDecorator.java:137)
	at org.springframework.security.web.header.HeaderWriterFilter.doHeadersAfter(HeaderWriterFilter.java:90)
	at org.springframework.security.web.header.HeaderWriterFilter.doFilterInternal(HeaderWriterFilter.java:75)
	at org.springframework.web.filter.OncePerRequestFilter.doFilter(OncePerRequestFilter.java:116)
	at org.springframework.security.web.ObservationFilterChainDecorator$ObservationFilter.wrapFilter(ObservationFilterChainDecorator.java:240)
	at org.springframework.security.web.ObservationFilterChainDecorator$ObservationFilter.doFilter(ObservationFilterChainDecorator.java:227)
	at org.springframework.security.web.ObservationFilterChainDecorator$VirtualFilterChain.doFilter(ObservationFilterChainDecorator.java:137)
	at org.springframework.security.web.context.SecurityContextHolderFilter.doFilter(SecurityContextHolderFilter.java:82)
	at org.springframework.security.web.context.SecurityContextHolderFilter.doFilter(SecurityContextHolderFilter.java:69)
	at org.springframework.security.web.ObservationFilterChainDecorator$ObservationFilter.wrapFilter(ObservationFilterChainDecorator.java:240)
	at org.springframework.security.web.ObservationFilterChainDecorator$ObservationFilter.doFilter(ObservationFilterChainDecorator.java:227)
	at org.springframework.security.web.ObservationFilterChainDecorator$VirtualFilterChain.doFilter(ObservationFilterChainDecorator.java:137)
	at org.springframework.security.web.context.request.async.WebAsyncManagerIntegrationFilter.doFilterInternal(WebAsyncManagerIntegrationFilter.java:62)
	at org.springframework.web.filter.OncePerRequestFilter.doFilter(OncePerRequestFilter.java:116)
	at org.springframework.security.web.ObservationFilterChainDecorator$ObservationFilter.wrapFilter(ObservationFilterChainDecorator.java:240)
	at org.springframework.security.web.ObservationFilterChainDecorator$ObservationFilter.doFilter(ObservationFilterChainDecorator.java:227)
	at org.springframework.security.web.ObservationFilterChainDecorator$VirtualFilterChain.doFilter(ObservationFilterChainDecorator.java:137)
	at org.springframework.security.web.session.DisableEncodeUrlFilter.doFilterInternal(DisableEncodeUrlFilter.java:42)
	at org.springframework.web.filter.OncePerRequestFilter.doFilter(OncePerRequestFilter.java:116)
	at org.springframework.security.web.ObservationFilterChainDecorator$ObservationFilter.wrapFilter(ObservationFilterChainDecorator.java:240)
	at org.springframework.security.web.ObservationFilterChainDecorator$AroundFilterObservation$SimpleAroundFilterObservation.lambda$wrap$0(ObservationFilterChainDecorator.java:323)
	at org.springframework.security.web.ObservationFilterChainDecorator$ObservationFilter.doFilter(ObservationFilterChainDecorator.java:224)
	at org.springframework.security.web.ObservationFilterChainDecorator$VirtualFilterChain.doFilter(ObservationFilterChainDecorator.java:137)
	at org.springframework.security.web.FilterChainProxy.doFilterInternal(FilterChainProxy.java:233)
	at org.springframework.security.web.FilterChainProxy.doFilter(FilterChainProxy.java:191)
	at org.springframework.web.filter.CompositeFilter$VirtualFilterChain.doFilter(CompositeFilter.java:113)
	at org.springframework.web.servlet.handler.HandlerMappingIntrospector.lambda$createCacheFilter$3(HandlerMappingIntrospector.java:195)
	at org.springframework.web.filter.CompositeFilter$VirtualFilterChain.doFilter(CompositeFilter.java:113)
	at org.springframework.web.filter.CompositeFilter.doFilter(CompositeFilter.java:74)
	at org.springframework.security.config.annotation.web.configuration.WebMvcSecurityConfiguration$CompositeFilterChainProxy.doFilter(WebMvcSecurityConfiguration.java:230)
	at org.springframework.web.filter.DelegatingFilterProxy.invokeDelegate(DelegatingFilterProxy.java:352)
	at org.springframework.web.filter.DelegatingFilterProxy.doFilter(DelegatingFilterProxy.java:268)
	at org.apache.catalina.core.ApplicationFilterChain.internalDoFilter(ApplicationFilterChain.java:175)
	at org.apache.catalina.core.ApplicationFilterChain.doFilter(ApplicationFilterChain.java:150)
	at org.springframework.web.filter.FormContentFilter.doFilterInternal(FormContentFilter.java:93)
	at org.springframework.web.filter.OncePerRequestFilter.doFilter(OncePerRequestFilter.java:116)
	at org.apache.catalina.core.ApplicationFilterChain.internalDoFilter(ApplicationFilterChain.java:175)
	at org.apache.catalina.core.ApplicationFilterChain.doFilter(ApplicationFilterChain.java:150)
	at org.springframework.web.filter.ServerHttpObservationFilter.doFilterInternal(ServerHttpObservationFilter.java:109)
	at org.springframework.web.filter.OncePerRequestFilter.doFilter(OncePerRequestFilter.java:116)
	at org.apache.catalina.core.ApplicationFilterChain.internalDoFilter(ApplicationFilterChain.java:175)
	at org.apache.catalina.core.ApplicationFilterChain.doFilter(ApplicationFilterChain.java:150)
	at org.springframework.web.filter.CharacterEncodingFilter.doFilterInternal(CharacterEncodingFilter.java:201)
	at org.springframework.web.filter.OncePerRequestFilter.doFilter(OncePerRequestFilter.java:116)
	at org.apache.catalina.core.ApplicationFilterChain.internalDoFilter(ApplicationFilterChain.java:175)
	at org.apache.catalina.core.ApplicationFilterChain.doFilter(ApplicationFilterChain.java:150)
	at org.apache.catalina.core.StandardWrapperValve.invoke(StandardWrapperValve.java:167)
	at org.apache.catalina.core.StandardContextValve.invoke(StandardContextValve.java:90)
	at org.apache.catalina.authenticator.AuthenticatorBase.invoke(AuthenticatorBase.java:482)
	at org.apache.catalina.core.StandardHostValve.invoke(StandardHostValve.java:115)
	at org.apache.catalina.valves.ErrorReportValve.invoke(ErrorReportValve.java:93)
	at org.apache.catalina.core.StandardEngineValve.invoke(StandardEngineValve.java:74)
	at org.apache.catalina.connector.CoyoteAdapter.service(CoyoteAdapter.java:344)
	at org.apache.coyote.http11.Http11Processor.service(Http11Processor.java:391)
	at org.apache.coyote.AbstractProcessorLight.process(AbstractProcessorLight.java:63)
	at org.apache.coyote.AbstractProtocol$ConnectionHandler.process(AbstractProtocol.java:896)
	at org.apache.tomcat.util.net.NioEndpoint$SocketProcessor.doRun(NioEndpoint.java:1736)
	at org.apache.tomcat.util.net.SocketProcessorBase.run(SocketProcessorBase.java:52)
	at org.apache.tomcat.util.threads.ThreadPoolExecutor.runWorker(ThreadPoolExecutor.java:1191)
	at org.apache.tomcat.util.threads.ThreadPoolExecutor$Worker.run(ThreadPoolExecutor.java:659)
	at org.apache.tomcat.util.threads.TaskThread$WrappingRunnable.run(TaskThread.java:63)
	at java.base/java.lang.Thread.run(Thread.java:1474)
18:59:58.935 [http-nio-8082-exec-9] WARN  o.s.w.s.m.m.a.ExceptionHandlerExceptionResolver - Resolved [org.springframework.web.servlet.resource.NoResourceFoundException: No static resource camunda-welcome.]
18:59:58.949 [http-nio-8082-exec-2] ERROR o.u.i.e.GlobalExceptionHandler - [Unexpected Error] No static resource camunda-welcome.
org.springframework.web.servlet.resource.NoResourceFoundException: No static resource camunda-welcome.
	at org.springframework.web.servlet.resource.ResourceHttpRequestHandler.handleRequest(ResourceHttpRequestHandler.java:585)
	at org.springframework.web.servlet.mvc.HttpRequestHandlerAdapter.handle(HttpRequestHandlerAdapter.java:52)
	at org.springframework.web.servlet.DispatcherServlet.doDispatch(DispatcherServlet.java:1089)
	at org.springframework.web.servlet.DispatcherServlet.doService(DispatcherServlet.java:979)
	at org.springframework.web.servlet.FrameworkServlet.processRequest(FrameworkServlet.java:1014)
	at org.springframework.web.servlet.FrameworkServlet.doGet(FrameworkServlet.java:903)
	at jakarta.servlet.http.HttpServlet.service(HttpServlet.java:564)
	at org.springframework.web.servlet.FrameworkServlet.service(FrameworkServlet.java:885)
	at jakarta.servlet.http.HttpServlet.service(HttpServlet.java:658)
	at org.apache.catalina.core.ApplicationFilterChain.internalDoFilter(ApplicationFilterChain.java:206)
	at org.apache.catalina.core.ApplicationFilterChain.doFilter(ApplicationFilterChain.java:150)
	at org.apache.tomcat.websocket.server.WsFilter.doFilter(WsFilter.java:51)
	at org.apache.catalina.core.ApplicationFilterChain.internalDoFilter(ApplicationFilterChain.java:175)
	at org.apache.catalina.core.ApplicationFilterChain.doFilter(ApplicationFilterChain.java:150)
	at org.springframework.web.filter.RequestContextFilter.doFilterInternal(RequestContextFilter.java:100)
	at org.springframework.web.filter.OncePerRequestFilter.doFilter(OncePerRequestFilter.java:116)
	at org.apache.catalina.core.ApplicationFilterChain.internalDoFilter(ApplicationFilterChain.java:175)
	at org.apache.catalina.core.ApplicationFilterChain.doFilter(ApplicationFilterChain.java:150)
	at org.springframework.web.filter.CompositeFilter$VirtualFilterChain.doFilter(CompositeFilter.java:108)
	at org.springframework.security.web.FilterChainProxy.lambda$doFilterInternal$3(FilterChainProxy.java:231)
	at org.springframework.security.web.ObservationFilterChainDecorator$FilterObservation$SimpleFilterObservation.lambda$wrap$1(ObservationFilterChainDecorator.java:479)
	at org.springframework.security.web.ObservationFilterChainDecorator$AroundFilterObservation$SimpleAroundFilterObservation.lambda$wrap$1(ObservationFilterChainDecorator.java:340)
	at org.springframework.security.web.ObservationFilterChainDecorator.lambda$wrapSecured$0(ObservationFilterChainDecorator.java:82)
	at org.springframework.security.web.ObservationFilterChainDecorator$VirtualFilterChain.doFilter(ObservationFilterChainDecorator.java:128)
	at org.springframework.security.web.access.intercept.AuthorizationFilter.doFilter(AuthorizationFilter.java:100)
	at org.springframework.security.web.ObservationFilterChainDecorator$ObservationFilter.wrapFilter(ObservationFilterChainDecorator.java:240)
	at org.springframework.security.web.ObservationFilterChainDecorator$ObservationFilter.doFilter(ObservationFilterChainDecorator.java:227)
	at org.springframework.security.web.ObservationFilterChainDecorator$VirtualFilterChain.doFilter(ObservationFilterChainDecorator.java:137)
	at org.springframework.security.web.access.ExceptionTranslationFilter.doFilter(ExceptionTranslationFilter.java:126)
	at org.springframework.security.web.access.ExceptionTranslationFilter.doFilter(ExceptionTranslationFilter.java:120)
	at org.springframework.security.web.ObservationFilterChainDecorator$ObservationFilter.wrapFilter(ObservationFilterChainDecorator.java:240)
	at org.springframework.security.web.ObservationFilterChainDecorator$ObservationFilter.doFilter(ObservationFilterChainDecorator.java:227)
	at org.springframework.security.web.ObservationFilterChainDecorator$VirtualFilterChain.doFilter(ObservationFilterChainDecorator.java:137)
	at org.springframework.security.web.authentication.AnonymousAuthenticationFilter.doFilter(AnonymousAuthenticationFilter.java:100)
	at org.springframework.security.web.ObservationFilterChainDecorator$ObservationFilter.wrapFilter(ObservationFilterChainDecorator.java:240)
	at org.springframework.security.web.ObservationFilterChainDecorator$ObservationFilter.doFilter(ObservationFilterChainDecorator.java:227)
	at org.springframework.security.web.ObservationFilterChainDecorator$VirtualFilterChain.doFilter(ObservationFilterChainDecorator.java:137)
	at org.springframework.security.web.servletapi.SecurityContextHolderAwareRequestFilter.doFilter(SecurityContextHolderAwareRequestFilter.java:179)
	at org.springframework.security.web.ObservationFilterChainDecorator$ObservationFilter.wrapFilter(ObservationFilterChainDecorator.java:240)
	at org.springframework.security.web.ObservationFilterChainDecorator$ObservationFilter.doFilter(ObservationFilterChainDecorator.java:227)
	at org.springframework.security.web.ObservationFilterChainDecorator$VirtualFilterChain.doFilter(ObservationFilterChainDecorator.java:137)
	at org.springframework.security.web.savedrequest.RequestCacheAwareFilter.doFilter(RequestCacheAwareFilter.java:63)
	at org.springframework.security.web.ObservationFilterChainDecorator$ObservationFilter.wrapFilter(ObservationFilterChainDecorator.java:240)
	at org.springframework.security.web.ObservationFilterChainDecorator$ObservationFilter.doFilter(ObservationFilterChainDecorator.java:227)
	at org.springframework.security.web.ObservationFilterChainDecorator$VirtualFilterChain.doFilter(ObservationFilterChainDecorator.java:137)
	at org.springframework.security.web.authentication.logout.LogoutFilter.doFilter(LogoutFilter.java:107)
	at org.springframework.security.web.authentication.logout.LogoutFilter.doFilter(LogoutFilter.java:93)
	at org.springframework.security.web.ObservationFilterChainDecorator$ObservationFilter.wrapFilter(ObservationFilterChainDecorator.java:240)
	at org.springframework.security.web.ObservationFilterChainDecorator$ObservationFilter.doFilter(ObservationFilterChainDecorator.java:227)
	at org.springframework.security.web.ObservationFilterChainDecorator$VirtualFilterChain.doFilter(ObservationFilterChainDecorator.java:137)
	at org.springframework.web.filter.CorsFilter.doFilterInternal(CorsFilter.java:91)
	at org.springframework.web.filter.OncePerRequestFilter.doFilter(OncePerRequestFilter.java:116)
	at org.springframework.security.web.ObservationFilterChainDecorator$ObservationFilter.wrapFilter(ObservationFilterChainDecorator.java:240)
	at org.springframework.security.web.ObservationFilterChainDecorator$ObservationFilter.doFilter(ObservationFilterChainDecorator.java:227)
	at org.springframework.security.web.ObservationFilterChainDecorator$VirtualFilterChain.doFilter(ObservationFilterChainDecorator.java:137)
	at org.springframework.security.web.header.HeaderWriterFilter.doHeadersAfter(HeaderWriterFilter.java:90)
	at org.springframework.security.web.header.HeaderWriterFilter.doFilterInternal(HeaderWriterFilter.java:75)
	at org.springframework.web.filter.OncePerRequestFilter.doFilter(OncePerRequestFilter.java:116)
	at org.springframework.security.web.ObservationFilterChainDecorator$ObservationFilter.wrapFilter(ObservationFilterChainDecorator.java:240)
	at org.springframework.security.web.ObservationFilterChainDecorator$ObservationFilter.doFilter(ObservationFilterChainDecorator.java:227)
	at org.springframework.security.web.ObservationFilterChainDecorator$VirtualFilterChain.doFilter(ObservationFilterChainDecorator.java:137)
	at org.springframework.security.web.context.SecurityContextHolderFilter.doFilter(SecurityContextHolderFilter.java:82)
	at org.springframework.security.web.context.SecurityContextHolderFilter.doFilter(SecurityContextHolderFilter.java:69)
	at org.springframework.security.web.ObservationFilterChainDecorator$ObservationFilter.wrapFilter(ObservationFilterChainDecorator.java:240)
	at org.springframework.security.web.ObservationFilterChainDecorator$ObservationFilter.doFilter(ObservationFilterChainDecorator.java:227)
	at org.springframework.security.web.ObservationFilterChainDecorator$VirtualFilterChain.doFilter(ObservationFilterChainDecorator.java:137)
	at org.springframework.security.web.context.request.async.WebAsyncManagerIntegrationFilter.doFilterInternal(WebAsyncManagerIntegrationFilter.java:62)
	at org.springframework.web.filter.OncePerRequestFilter.doFilter(OncePerRequestFilter.java:116)
	at org.springframework.security.web.ObservationFilterChainDecorator$ObservationFilter.wrapFilter(ObservationFilterChainDecorator.java:240)
	at org.springframework.security.web.ObservationFilterChainDecorator$ObservationFilter.doFilter(ObservationFilterChainDecorator.java:227)
	at org.springframework.security.web.ObservationFilterChainDecorator$VirtualFilterChain.doFilter(ObservationFilterChainDecorator.java:137)
	at org.springframework.security.web.session.DisableEncodeUrlFilter.doFilterInternal(DisableEncodeUrlFilter.java:42)
	at org.springframework.web.filter.OncePerRequestFilter.doFilter(OncePerRequestFilter.java:116)
	at org.springframework.security.web.ObservationFilterChainDecorator$ObservationFilter.wrapFilter(ObservationFilterChainDecorator.java:240)
	at org.springframework.security.web.ObservationFilterChainDecorator$AroundFilterObservation$SimpleAroundFilterObservation.lambda$wrap$0(ObservationFilterChainDecorator.java:323)
	at org.springframework.security.web.ObservationFilterChainDecorator$ObservationFilter.doFilter(ObservationFilterChainDecorator.java:224)
	at org.springframework.security.web.ObservationFilterChainDecorator$VirtualFilterChain.doFilter(ObservationFilterChainDecorator.java:137)
	at org.springframework.security.web.FilterChainProxy.doFilterInternal(FilterChainProxy.java:233)
	at org.springframework.security.web.FilterChainProxy.doFilter(FilterChainProxy.java:191)
	at org.springframework.web.filter.CompositeFilter$VirtualFilterChain.doFilter(CompositeFilter.java:113)
	at org.springframework.web.servlet.handler.HandlerMappingIntrospector.lambda$createCacheFilter$3(HandlerMappingIntrospector.java:195)
	at org.springframework.web.filter.CompositeFilter$VirtualFilterChain.doFilter(CompositeFilter.java:113)
	at org.springframework.web.filter.CompositeFilter.doFilter(CompositeFilter.java:74)
	at org.springframework.security.config.annotation.web.configuration.WebMvcSecurityConfiguration$CompositeFilterChainProxy.doFilter(WebMvcSecurityConfiguration.java:230)
	at org.springframework.web.filter.DelegatingFilterProxy.invokeDelegate(DelegatingFilterProxy.java:352)
	at org.springframework.web.filter.DelegatingFilterProxy.doFilter(DelegatingFilterProxy.java:268)
	at org.apache.catalina.core.ApplicationFilterChain.internalDoFilter(ApplicationFilterChain.java:175)
	at org.apache.catalina.core.ApplicationFilterChain.doFilter(ApplicationFilterChain.java:150)
	at org.springframework.web.filter.FormContentFilter.doFilterInternal(FormContentFilter.java:93)
	at org.springframework.web.filter.OncePerRequestFilter.doFilter(OncePerRequestFilter.java:116)
	at org.apache.catalina.core.ApplicationFilterChain.internalDoFilter(ApplicationFilterChain.java:175)
	at org.apache.catalina.core.ApplicationFilterChain.doFilter(ApplicationFilterChain.java:150)
	at org.springframework.web.filter.ServerHttpObservationFilter.doFilterInternal(ServerHttpObservationFilter.java:109)
	at org.springframework.web.filter.OncePerRequestFilter.doFilter(OncePerRequestFilter.java:116)
	at org.apache.catalina.core.ApplicationFilterChain.internalDoFilter(ApplicationFilterChain.java:175)
	at org.apache.catalina.core.ApplicationFilterChain.doFilter(ApplicationFilterChain.java:150)
	at org.springframework.web.filter.CharacterEncodingFilter.doFilterInternal(CharacterEncodingFilter.java:201)
	at org.springframework.web.filter.OncePerRequestFilter.doFilter(OncePerRequestFilter.java:116)
	at org.apache.catalina.core.ApplicationFilterChain.internalDoFilter(ApplicationFilterChain.java:175)
	at org.apache.catalina.core.ApplicationFilterChain.doFilter(ApplicationFilterChain.java:150)
	at org.apache.catalina.core.StandardWrapperValve.invoke(StandardWrapperValve.java:167)
	at org.apache.catalina.core.StandardContextValve.invoke(StandardContextValve.java:90)
	at org.apache.catalina.authenticator.AuthenticatorBase.invoke(AuthenticatorBase.java:482)
	at org.apache.catalina.core.StandardHostValve.invoke(StandardHostValve.java:115)
	at org.apache.catalina.valves.ErrorReportValve.invoke(ErrorReportValve.java:93)
	at org.apache.catalina.core.StandardEngineValve.invoke(StandardEngineValve.java:74)
	at org.apache.catalina.connector.CoyoteAdapter.service(CoyoteAdapter.java:344)
	at org.apache.coyote.http11.Http11Processor.service(Http11Processor.java:391)
	at org.apache.coyote.AbstractProcessorLight.process(AbstractProcessorLight.java:63)
	at org.apache.coyote.AbstractProtocol$ConnectionHandler.process(AbstractProtocol.java:896)
	at org.apache.tomcat.util.net.NioEndpoint$SocketProcessor.doRun(NioEndpoint.java:1736)
	at org.apache.tomcat.util.net.SocketProcessorBase.run(SocketProcessorBase.java:52)
	at org.apache.tomcat.util.threads.ThreadPoolExecutor.runWorker(ThreadPoolExecutor.java:1191)
	at org.apache.tomcat.util.threads.ThreadPoolExecutor$Worker.run(ThreadPoolExecutor.java:659)
	at org.apache.tomcat.util.threads.TaskThread$WrappingRunnable.run(TaskThread.java:63)
	at java.base/java.lang.Thread.run(Thread.java:1474)
18:59:58.952 [http-nio-8082-exec-2] WARN  o.s.w.s.m.m.a.ExceptionHandlerExceptionResolver - Resolved [org.springframework.web.servlet.resource.NoResourceFoundException: No static resource camunda-welcome.]
19:00:38.864 [http-nio-8082-exec-9] INFO  org.camunda.bpm.engine.bpmn.parser - ENGINE-01002 Ignoring non-executable process with id 'Process_1vglwxn'. Set the attribute isExecutable="true" to deploy this process.
19:00:38.865 [http-nio-8082-exec-9] INFO  org.camunda.bpm.engine.bpmn.parser - ENGINE-01002 Ignoring non-executable process with id 'Process_0n0g83c'. Set the attribute isExecutable="true" to deploy this process.
19:00:38.865 [http-nio-8082-exec-9] INFO  org.camunda.bpm.engine.bpmn.parser - ENGINE-01002 Ignoring non-executable process with id 'Process_181gju4'. Set the attribute isExecutable="true" to deploy this process.
19:00:38.865 [http-nio-8082-exec-9] INFO  org.camunda.bpm.engine.bpmn.parser - ENGINE-01002 Ignoring non-executable process with id 'Process_193qi7r'. Set the attribute isExecutable="true" to deploy this process.
19:00:39.087 [http-nio-8082-exec-5] ERROR o.u.i.e.GlobalExceptionHandler - [Unexpected Error] No static resource .well-known/camunda-automation-platform/webapps.
org.springframework.web.servlet.resource.NoResourceFoundException: No static resource .well-known/camunda-automation-platform/webapps.
	at org.springframework.web.servlet.resource.ResourceHttpRequestHandler.handleRequest(ResourceHttpRequestHandler.java:585)
	at org.springframework.web.servlet.mvc.HttpRequestHandlerAdapter.handle(HttpRequestHandlerAdapter.java:52)
	at org.springframework.web.servlet.DispatcherServlet.doDispatch(DispatcherServlet.java:1089)
	at org.springframework.web.servlet.DispatcherServlet.doService(DispatcherServlet.java:979)
	at org.springframework.web.servlet.FrameworkServlet.processRequest(FrameworkServlet.java:1014)
	at org.springframework.web.servlet.FrameworkServlet.doGet(FrameworkServlet.java:903)
	at jakarta.servlet.http.HttpServlet.service(HttpServlet.java:564)
	at org.springframework.web.servlet.FrameworkServlet.service(FrameworkServlet.java:885)
	at jakarta.servlet.http.HttpServlet.service(HttpServlet.java:658)
	at org.apache.catalina.core.ApplicationFilterChain.internalDoFilter(ApplicationFilterChain.java:206)
	at org.apache.catalina.core.ApplicationFilterChain.doFilter(ApplicationFilterChain.java:150)
	at org.apache.tomcat.websocket.server.WsFilter.doFilter(WsFilter.java:51)
	at org.apache.catalina.core.ApplicationFilterChain.internalDoFilter(ApplicationFilterChain.java:175)
	at org.apache.catalina.core.ApplicationFilterChain.doFilter(ApplicationFilterChain.java:150)
	at org.springframework.web.filter.RequestContextFilter.doFilterInternal(RequestContextFilter.java:100)
	at org.springframework.web.filter.OncePerRequestFilter.doFilter(OncePerRequestFilter.java:116)
	at org.apache.catalina.core.ApplicationFilterChain.internalDoFilter(ApplicationFilterChain.java:175)
	at org.apache.catalina.core.ApplicationFilterChain.doFilter(ApplicationFilterChain.java:150)
	at org.springframework.web.filter.CompositeFilter$VirtualFilterChain.doFilter(CompositeFilter.java:108)
	at org.springframework.security.web.FilterChainProxy.lambda$doFilterInternal$3(FilterChainProxy.java:231)
	at org.springframework.security.web.ObservationFilterChainDecorator$FilterObservation$SimpleFilterObservation.lambda$wrap$1(ObservationFilterChainDecorator.java:479)
	at org.springframework.security.web.ObservationFilterChainDecorator$AroundFilterObservation$SimpleAroundFilterObservation.lambda$wrap$1(ObservationFilterChainDecorator.java:340)
	at org.springframework.security.web.ObservationFilterChainDecorator.lambda$wrapSecured$0(ObservationFilterChainDecorator.java:82)
	at org.springframework.security.web.ObservationFilterChainDecorator$VirtualFilterChain.doFilter(ObservationFilterChainDecorator.java:128)
	at org.springframework.security.web.access.intercept.AuthorizationFilter.doFilter(AuthorizationFilter.java:100)
	at org.springframework.security.web.ObservationFilterChainDecorator$ObservationFilter.wrapFilter(ObservationFilterChainDecorator.java:240)
	at org.springframework.security.web.ObservationFilterChainDecorator$ObservationFilter.doFilter(ObservationFilterChainDecorator.java:227)
	at org.springframework.security.web.ObservationFilterChainDecorator$VirtualFilterChain.doFilter(ObservationFilterChainDecorator.java:137)
	at org.springframework.security.web.access.ExceptionTranslationFilter.doFilter(ExceptionTranslationFilter.java:126)
	at org.springframework.security.web.access.ExceptionTranslationFilter.doFilter(ExceptionTranslationFilter.java:120)
	at org.springframework.security.web.ObservationFilterChainDecorator$ObservationFilter.wrapFilter(ObservationFilterChainDecorator.java:240)
	at org.springframework.security.web.ObservationFilterChainDecorator$ObservationFilter.doFilter(ObservationFilterChainDecorator.java:227)
	at org.springframework.security.web.ObservationFilterChainDecorator$VirtualFilterChain.doFilter(ObservationFilterChainDecorator.java:137)
	at org.springframework.security.web.authentication.AnonymousAuthenticationFilter.doFilter(AnonymousAuthenticationFilter.java:100)
	at org.springframework.security.web.ObservationFilterChainDecorator$ObservationFilter.wrapFilter(ObservationFilterChainDecorator.java:240)
	at org.springframework.security.web.ObservationFilterChainDecorator$ObservationFilter.doFilter(ObservationFilterChainDecorator.java:227)
	at org.springframework.security.web.ObservationFilterChainDecorator$VirtualFilterChain.doFilter(ObservationFilterChainDecorator.java:137)
	at org.springframework.security.web.servletapi.SecurityContextHolderAwareRequestFilter.doFilter(SecurityContextHolderAwareRequestFilter.java:179)
	at org.springframework.security.web.ObservationFilterChainDecorator$ObservationFilter.wrapFilter(ObservationFilterChainDecorator.java:240)
	at org.springframework.security.web.ObservationFilterChainDecorator$ObservationFilter.doFilter(ObservationFilterChainDecorator.java:227)
	at org.springframework.security.web.ObservationFilterChainDecorator$VirtualFilterChain.doFilter(ObservationFilterChainDecorator.java:137)
	at org.springframework.security.web.savedrequest.RequestCacheAwareFilter.doFilter(RequestCacheAwareFilter.java:63)
	at org.springframework.security.web.ObservationFilterChainDecorator$ObservationFilter.wrapFilter(ObservationFilterChainDecorator.java:240)
	at org.springframework.security.web.ObservationFilterChainDecorator$ObservationFilter.doFilter(ObservationFilterChainDecorator.java:227)
	at org.springframework.security.web.ObservationFilterChainDecorator$VirtualFilterChain.doFilter(ObservationFilterChainDecorator.java:137)
	at org.springframework.security.web.authentication.logout.LogoutFilter.doFilter(LogoutFilter.java:107)
	at org.springframework.security.web.authentication.logout.LogoutFilter.doFilter(LogoutFilter.java:93)
	at org.springframework.security.web.ObservationFilterChainDecorator$ObservationFilter.wrapFilter(ObservationFilterChainDecorator.java:240)
	at org.springframework.security.web.ObservationFilterChainDecorator$ObservationFilter.doFilter(ObservationFilterChainDecorator.java:227)
	at org.springframework.security.web.ObservationFilterChainDecorator$VirtualFilterChain.doFilter(ObservationFilterChainDecorator.java:137)
	at org.springframework.web.filter.CorsFilter.doFilterInternal(CorsFilter.java:91)
	at org.springframework.web.filter.OncePerRequestFilter.doFilter(OncePerRequestFilter.java:116)
	at org.springframework.security.web.ObservationFilterChainDecorator$ObservationFilter.wrapFilter(ObservationFilterChainDecorator.java:240)
	at org.springframework.security.web.ObservationFilterChainDecorator$ObservationFilter.doFilter(ObservationFilterChainDecorator.java:227)
	at org.springframework.security.web.ObservationFilterChainDecorator$VirtualFilterChain.doFilter(ObservationFilterChainDecorator.java:137)
	at org.springframework.security.web.header.HeaderWriterFilter.doHeadersAfter(HeaderWriterFilter.java:90)
	at org.springframework.security.web.header.HeaderWriterFilter.doFilterInternal(HeaderWriterFilter.java:75)
	at org.springframework.web.filter.OncePerRequestFilter.doFilter(OncePerRequestFilter.java:116)
	at org.springframework.security.web.ObservationFilterChainDecorator$ObservationFilter.wrapFilter(ObservationFilterChainDecorator.java:240)
	at org.springframework.security.web.ObservationFilterChainDecorator$ObservationFilter.doFilter(ObservationFilterChainDecorator.java:227)
	at org.springframework.security.web.ObservationFilterChainDecorator$VirtualFilterChain.doFilter(ObservationFilterChainDecorator.java:137)
	at org.springframework.security.web.context.SecurityContextHolderFilter.doFilter(SecurityContextHolderFilter.java:82)
	at org.springframework.security.web.context.SecurityContextHolderFilter.doFilter(SecurityContextHolderFilter.java:69)
	at org.springframework.security.web.ObservationFilterChainDecorator$ObservationFilter.wrapFilter(ObservationFilterChainDecorator.java:240)
	at org.springframework.security.web.ObservationFilterChainDecorator$ObservationFilter.doFilter(ObservationFilterChainDecorator.java:227)
	at org.springframework.security.web.ObservationFilterChainDecorator$VirtualFilterChain.doFilter(ObservationFilterChainDecorator.java:137)
	at org.springframework.security.web.context.request.async.WebAsyncManagerIntegrationFilter.doFilterInternal(WebAsyncManagerIntegrationFilter.java:62)
	at org.springframework.web.filter.OncePerRequestFilter.doFilter(OncePerRequestFilter.java:116)
	at org.springframework.security.web.ObservationFilterChainDecorator$ObservationFilter.wrapFilter(ObservationFilterChainDecorator.java:240)
	at org.springframework.security.web.ObservationFilterChainDecorator$ObservationFilter.doFilter(ObservationFilterChainDecorator.java:227)
	at org.springframework.security.web.ObservationFilterChainDecorator$VirtualFilterChain.doFilter(ObservationFilterChainDecorator.java:137)
	at org.springframework.security.web.session.DisableEncodeUrlFilter.doFilterInternal(DisableEncodeUrlFilter.java:42)
	at org.springframework.web.filter.OncePerRequestFilter.doFilter(OncePerRequestFilter.java:116)
	at org.springframework.security.web.ObservationFilterChainDecorator$ObservationFilter.wrapFilter(ObservationFilterChainDecorator.java:240)
	at org.springframework.security.web.ObservationFilterChainDecorator$AroundFilterObservation$SimpleAroundFilterObservation.lambda$wrap$0(ObservationFilterChainDecorator.java:323)
	at org.springframework.security.web.ObservationFilterChainDecorator$ObservationFilter.doFilter(ObservationFilterChainDecorator.java:224)
	at org.springframework.security.web.ObservationFilterChainDecorator$VirtualFilterChain.doFilter(ObservationFilterChainDecorator.java:137)
	at org.springframework.security.web.FilterChainProxy.doFilterInternal(FilterChainProxy.java:233)
	at org.springframework.security.web.FilterChainProxy.doFilter(FilterChainProxy.java:191)
	at org.springframework.web.filter.CompositeFilter$VirtualFilterChain.doFilter(CompositeFilter.java:113)
	at org.springframework.web.servlet.handler.HandlerMappingIntrospector.lambda$createCacheFilter$3(HandlerMappingIntrospector.java:195)
	at org.springframework.web.filter.CompositeFilter$VirtualFilterChain.doFilter(CompositeFilter.java:113)
	at org.springframework.web.filter.CompositeFilter.doFilter(CompositeFilter.java:74)
	at org.springframework.security.config.annotation.web.configuration.WebMvcSecurityConfiguration$CompositeFilterChainProxy.doFilter(WebMvcSecurityConfiguration.java:230)
	at org.springframework.web.filter.DelegatingFilterProxy.invokeDelegate(DelegatingFilterProxy.java:352)
	at org.springframework.web.filter.DelegatingFilterProxy.doFilter(DelegatingFilterProxy.java:268)
	at org.apache.catalina.core.ApplicationFilterChain.internalDoFilter(ApplicationFilterChain.java:175)
	at org.apache.catalina.core.ApplicationFilterChain.doFilter(ApplicationFilterChain.java:150)
	at org.springframework.web.filter.FormContentFilter.doFilterInternal(FormContentFilter.java:93)
	at org.springframework.web.filter.OncePerRequestFilter.doFilter(OncePerRequestFilter.java:116)
	at org.apache.catalina.core.ApplicationFilterChain.internalDoFilter(ApplicationFilterChain.java:175)
	at org.apache.catalina.core.ApplicationFilterChain.doFilter(ApplicationFilterChain.java:150)
	at org.springframework.web.filter.ServerHttpObservationFilter.doFilterInternal(ServerHttpObservationFilter.java:109)
	at org.springframework.web.filter.OncePerRequestFilter.doFilter(OncePerRequestFilter.java:116)
	at org.apache.catalina.core.ApplicationFilterChain.internalDoFilter(ApplicationFilterChain.java:175)
	at org.apache.catalina.core.ApplicationFilterChain.doFilter(ApplicationFilterChain.java:150)
	at org.springframework.web.filter.CharacterEncodingFilter.doFilterInternal(CharacterEncodingFilter.java:201)
	at org.springframework.web.filter.OncePerRequestFilter.doFilter(OncePerRequestFilter.java:116)
	at org.apache.catalina.core.ApplicationFilterChain.internalDoFilter(ApplicationFilterChain.java:175)
	at org.apache.catalina.core.ApplicationFilterChain.doFilter(ApplicationFilterChain.java:150)
	at org.apache.catalina.core.StandardWrapperValve.invoke(StandardWrapperValve.java:167)
	at org.apache.catalina.core.StandardContextValve.invoke(StandardContextValve.java:90)
	at org.apache.catalina.authenticator.AuthenticatorBase.invoke(AuthenticatorBase.java:482)
	at org.apache.catalina.core.StandardHostValve.invoke(StandardHostValve.java:115)
	at org.apache.catalina.valves.ErrorReportValve.invoke(ErrorReportValve.java:93)
	at org.apache.catalina.core.StandardEngineValve.invoke(StandardEngineValve.java:74)
	at org.apache.catalina.connector.CoyoteAdapter.service(CoyoteAdapter.java:344)
	at org.apache.coyote.http11.Http11Processor.service(Http11Processor.java:391)
	at org.apache.coyote.AbstractProcessorLight.process(AbstractProcessorLight.java:63)
	at org.apache.coyote.AbstractProtocol$ConnectionHandler.process(AbstractProtocol.java:896)
	at org.apache.tomcat.util.net.NioEndpoint$SocketProcessor.doRun(NioEndpoint.java:1736)
	at org.apache.tomcat.util.net.SocketProcessorBase.run(SocketProcessorBase.java:52)
	at org.apache.tomcat.util.threads.ThreadPoolExecutor.runWorker(ThreadPoolExecutor.java:1191)
	at org.apache.tomcat.util.threads.ThreadPoolExecutor$Worker.run(ThreadPoolExecutor.java:659)
	at org.apache.tomcat.util.threads.TaskThread$WrappingRunnable.run(TaskThread.java:63)
	at java.base/java.lang.Thread.run(Thread.java:1474)
19:00:39.091 [http-nio-8082-exec-5] WARN  o.s.w.s.m.m.a.ExceptionHandlerExceptionResolver - Resolved [org.springframework.web.servlet.resource.NoResourceFoundException: No static resource .well-known/camunda-automation-platform/webapps.]
19:00:39.950 [scheduling-1] INFO  o.u.i.config.DeploymentJsonLogger - [DeploymentJsonLogger] New deployment 'diagram' (59890d65-91b8-11f1-a862-a85e45beb1b5) has JSON resources: [UniversityMap.json]
19:00:39.981 [scheduling-1] INFO  o.u.i.s.e.EnvironmentDataService - [EnvironmentDataService] Environment loaded from deployment JSON '59890d65-91b8-11f1-a862-a85e45beb1b5/UniversityMap.json' with 13 places, 4 logical places
19:00:39.983 [scheduling-1] INFO  o.u.i.config.DeploymentJsonLogger - [DeploymentJsonLogger] Applied deployment JSON '59890d65-91b8-11f1-a862-a85e45beb1b5/UniversityMap.json' (environmentApplied=true, participantsLoaded=0)
19:00:40.184 [scheduling-1] INFO  o.u.i.config.DeploymentJsonLogger - [DeploymentJsonLogger] Collaboration participants in 'diagram.bpmn' (deployment=59890d65-91b8-11f1-a862-a85e45beb1b5):
19:00:40.184 [scheduling-1] INFO  o.u.i.config.DeploymentJsonLogger - [DeploymentJsonLogger] - participantId='Participant_0q1sid6', participantName='Player Team1'
19:00:40.184 [scheduling-1] INFO  o.u.i.config.DeploymentJsonLogger - [DeploymentJsonLogger] - participantId='Participant_0iebfgm', participantName='Ally Player Team1'
19:00:40.184 [scheduling-1] INFO  o.u.i.config.DeploymentJsonLogger - [DeploymentJsonLogger] - participantId='Participant_1mq5hg5', participantName='Player Team2'
19:00:40.184 [scheduling-1] INFO  o.u.i.config.DeploymentJsonLogger - [DeploymentJsonLogger] - participantId='Participant_1fxcd7o', participantName='Ally Player Team2'
19:00:40.184 [scheduling-1] INFO  o.u.i.s.p.ParticipantDataService - [ParticipantDataService] Merged participants from source '59890d65-91b8-11f1-a862-a85e45beb1b5/collaboration-participants' -> added 4, total 4
19:00:40.184 [scheduling-1] INFO  o.u.i.config.DeploymentJsonLogger - [DeploymentJsonLogger] Merged BPMN collaboration participants for deployment 59890d65-91b8-11f1-a862-a85e45beb1b5 (added=4)
19:00:55.427 [http-nio-8082-exec-2] INFO  o.u.i.c.EnvironmentController - [Environment API] Participant 'Participant_0q1sid6' position set to: Parking
19:01:02.841 [http-nio-8082-exec-7] INFO  o.u.i.c.EnvironmentController - [Environment API] Participant 'Participant_1mq5hg5' position set to: Parking
19:11:15.406 [http-nio-8082-exec-1] INFO  org.camunda.bpm.engine.bpmn.parser - ENGINE-01002 Ignoring non-executable process with id 'Process_1vglwxn'. Set the attribute isExecutable="true" to deploy this process.
19:11:15.406 [http-nio-8082-exec-1] INFO  org.camunda.bpm.engine.bpmn.parser - ENGINE-01002 Ignoring non-executable process with id 'Process_0n0g83c'. Set the attribute isExecutable="true" to deploy this process.
19:11:15.406 [http-nio-8082-exec-1] INFO  org.camunda.bpm.engine.bpmn.parser - ENGINE-01002 Ignoring non-executable process with id 'Process_181gju4'. Set the attribute isExecutable="true" to deploy this process.
19:11:15.406 [http-nio-8082-exec-1] INFO  org.camunda.bpm.engine.bpmn.parser - ENGINE-01002 Ignoring non-executable process with id 'Process_193qi7r'. Set the attribute isExecutable="true" to deploy this process.
19:11:15.787 [http-nio-8082-exec-4] ERROR o.u.i.e.GlobalExceptionHandler - [Unexpected Error] No static resource .well-known/camunda-automation-platform/webapps.
org.springframework.web.servlet.resource.NoResourceFoundException: No static resource .well-known/camunda-automation-platform/webapps.
	at org.springframework.web.servlet.resource.ResourceHttpRequestHandler.handleRequest(ResourceHttpRequestHandler.java:585)
	at org.springframework.web.servlet.mvc.HttpRequestHandlerAdapter.handle(HttpRequestHandlerAdapter.java:52)
	at org.springframework.web.servlet.DispatcherServlet.doDispatch(DispatcherServlet.java:1089)
	at org.springframework.web.servlet.DispatcherServlet.doService(DispatcherServlet.java:979)
	at org.springframework.web.servlet.FrameworkServlet.processRequest(FrameworkServlet.java:1014)
	at org.springframework.web.servlet.FrameworkServlet.doGet(FrameworkServlet.java:903)
	at jakarta.servlet.http.HttpServlet.service(HttpServlet.java:564)
	at org.springframework.web.servlet.FrameworkServlet.service(FrameworkServlet.java:885)
	at jakarta.servlet.http.HttpServlet.service(HttpServlet.java:658)
	at org.apache.catalina.core.ApplicationFilterChain.internalDoFilter(ApplicationFilterChain.java:206)
	at org.apache.catalina.core.ApplicationFilterChain.doFilter(ApplicationFilterChain.java:150)
	at org.apache.tomcat.websocket.server.WsFilter.doFilter(WsFilter.java:51)
	at org.apache.catalina.core.ApplicationFilterChain.internalDoFilter(ApplicationFilterChain.java:175)
	at org.apache.catalina.core.ApplicationFilterChain.doFilter(ApplicationFilterChain.java:150)
	at org.springframework.web.filter.RequestContextFilter.doFilterInternal(RequestContextFilter.java:100)
	at org.springframework.web.filter.OncePerRequestFilter.doFilter(OncePerRequestFilter.java:116)
	at org.apache.catalina.core.ApplicationFilterChain.internalDoFilter(ApplicationFilterChain.java:175)
	at org.apache.catalina.core.ApplicationFilterChain.doFilter(ApplicationFilterChain.java:150)
	at org.springframework.web.filter.CompositeFilter$VirtualFilterChain.doFilter(CompositeFilter.java:108)
	at org.springframework.security.web.FilterChainProxy.lambda$doFilterInternal$3(FilterChainProxy.java:231)
	at org.springframework.security.web.ObservationFilterChainDecorator$FilterObservation$SimpleFilterObservation.lambda$wrap$1(ObservationFilterChainDecorator.java:479)
	at org.springframework.security.web.ObservationFilterChainDecorator$AroundFilterObservation$SimpleAroundFilterObservation.lambda$wrap$1(ObservationFilterChainDecorator.java:340)
	at org.springframework.security.web.ObservationFilterChainDecorator.lambda$wrapSecured$0(ObservationFilterChainDecorator.java:82)
	at org.springframework.security.web.ObservationFilterChainDecorator$VirtualFilterChain.doFilter(ObservationFilterChainDecorator.java:128)
	at org.springframework.security.web.access.intercept.AuthorizationFilter.doFilter(AuthorizationFilter.java:100)
	at org.springframework.security.web.ObservationFilterChainDecorator$ObservationFilter.wrapFilter(ObservationFilterChainDecorator.java:240)
	at org.springframework.security.web.ObservationFilterChainDecorator$ObservationFilter.doFilter(ObservationFilterChainDecorator.java:227)
	at org.springframework.security.web.ObservationFilterChainDecorator$VirtualFilterChain.doFilter(ObservationFilterChainDecorator.java:137)
	at org.springframework.security.web.access.ExceptionTranslationFilter.doFilter(ExceptionTranslationFilter.java:126)
	at org.springframework.security.web.access.ExceptionTranslationFilter.doFilter(ExceptionTranslationFilter.java:120)
	at org.springframework.security.web.ObservationFilterChainDecorator$ObservationFilter.wrapFilter(ObservationFilterChainDecorator.java:240)
	at org.springframework.security.web.ObservationFilterChainDecorator$ObservationFilter.doFilter(ObservationFilterChainDecorator.java:227)
	at org.springframework.security.web.ObservationFilterChainDecorator$VirtualFilterChain.doFilter(ObservationFilterChainDecorator.java:137)
	at org.springframework.security.web.authentication.AnonymousAuthenticationFilter.doFilter(AnonymousAuthenticationFilter.java:100)
	at org.springframework.security.web.ObservationFilterChainDecorator$ObservationFilter.wrapFilter(ObservationFilterChainDecorator.java:240)
	at org.springframework.security.web.ObservationFilterChainDecorator$ObservationFilter.doFilter(ObservationFilterChainDecorator.java:227)
	at org.springframework.security.web.ObservationFilterChainDecorator$VirtualFilterChain.doFilter(ObservationFilterChainDecorator.java:137)
	at org.springframework.security.web.servletapi.SecurityContextHolderAwareRequestFilter.doFilter(SecurityContextHolderAwareRequestFilter.java:179)
	at org.springframework.security.web.ObservationFilterChainDecorator$ObservationFilter.wrapFilter(ObservationFilterChainDecorator.java:240)
	at org.springframework.security.web.ObservationFilterChainDecorator$ObservationFilter.doFilter(ObservationFilterChainDecorator.java:227)
	at org.springframework.security.web.ObservationFilterChainDecorator$VirtualFilterChain.doFilter(ObservationFilterChainDecorator.java:137)
	at org.springframework.security.web.savedrequest.RequestCacheAwareFilter.doFilter(RequestCacheAwareFilter.java:63)
	at org.springframework.security.web.ObservationFilterChainDecorator$ObservationFilter.wrapFilter(ObservationFilterChainDecorator.java:240)
	at org.springframework.security.web.ObservationFilterChainDecorator$ObservationFilter.doFilter(ObservationFilterChainDecorator.java:227)
	at org.springframework.security.web.ObservationFilterChainDecorator$VirtualFilterChain.doFilter(ObservationFilterChainDecorator.java:137)
	at org.springframework.security.web.authentication.logout.LogoutFilter.doFilter(LogoutFilter.java:107)
	at org.springframework.security.web.authentication.logout.LogoutFilter.doFilter(LogoutFilter.java:93)
	at org.springframework.security.web.ObservationFilterChainDecorator$ObservationFilter.wrapFilter(ObservationFilterChainDecorator.java:240)
	at org.springframework.security.web.ObservationFilterChainDecorator$ObservationFilter.doFilter(ObservationFilterChainDecorator.java:227)
	at org.springframework.security.web.ObservationFilterChainDecorator$VirtualFilterChain.doFilter(ObservationFilterChainDecorator.java:137)
	at org.springframework.web.filter.CorsFilter.doFilterInternal(CorsFilter.java:91)
	at org.springframework.web.filter.OncePerRequestFilter.doFilter(OncePerRequestFilter.java:116)
	at org.springframework.security.web.ObservationFilterChainDecorator$ObservationFilter.wrapFilter(ObservationFilterChainDecorator.java:240)
	at org.springframework.security.web.ObservationFilterChainDecorator$ObservationFilter.doFilter(ObservationFilterChainDecorator.java:227)
	at org.springframework.security.web.ObservationFilterChainDecorator$VirtualFilterChain.doFilter(ObservationFilterChainDecorator.java:137)
	at org.springframework.security.web.header.HeaderWriterFilter.doHeadersAfter(HeaderWriterFilter.java:90)
	at org.springframework.security.web.header.HeaderWriterFilter.doFilterInternal(HeaderWriterFilter.java:75)
	at org.springframework.web.filter.OncePerRequestFilter.doFilter(OncePerRequestFilter.java:116)
	at org.springframework.security.web.ObservationFilterChainDecorator$ObservationFilter.wrapFilter(ObservationFilterChainDecorator.java:240)
	at org.springframework.security.web.ObservationFilterChainDecorator$ObservationFilter.doFilter(ObservationFilterChainDecorator.java:227)
	at org.springframework.security.web.ObservationFilterChainDecorator$VirtualFilterChain.doFilter(ObservationFilterChainDecorator.java:137)
	at org.springframework.security.web.context.SecurityContextHolderFilter.doFilter(SecurityContextHolderFilter.java:82)
	at org.springframework.security.web.context.SecurityContextHolderFilter.doFilter(SecurityContextHolderFilter.java:69)
	at org.springframework.security.web.ObservationFilterChainDecorator$ObservationFilter.wrapFilter(ObservationFilterChainDecorator.java:240)
	at org.springframework.security.web.ObservationFilterChainDecorator$ObservationFilter.doFilter(ObservationFilterChainDecorator.java:227)
	at org.springframework.security.web.ObservationFilterChainDecorator$VirtualFilterChain.doFilter(ObservationFilterChainDecorator.java:137)
	at org.springframework.security.web.context.request.async.WebAsyncManagerIntegrationFilter.doFilterInternal(WebAsyncManagerIntegrationFilter.java:62)
	at org.springframework.web.filter.OncePerRequestFilter.doFilter(OncePerRequestFilter.java:116)
	at org.springframework.security.web.ObservationFilterChainDecorator$ObservationFilter.wrapFilter(ObservationFilterChainDecorator.java:240)
	at org.springframework.security.web.ObservationFilterChainDecorator$ObservationFilter.doFilter(ObservationFilterChainDecorator.java:227)
	at org.springframework.security.web.ObservationFilterChainDecorator$VirtualFilterChain.doFilter(ObservationFilterChainDecorator.java:137)
	at org.springframework.security.web.session.DisableEncodeUrlFilter.doFilterInternal(DisableEncodeUrlFilter.java:42)
	at org.springframework.web.filter.OncePerRequestFilter.doFilter(OncePerRequestFilter.java:116)
	at org.springframework.security.web.ObservationFilterChainDecorator$ObservationFilter.wrapFilter(ObservationFilterChainDecorator.java:240)
	at org.springframework.security.web.ObservationFilterChainDecorator$AroundFilterObservation$SimpleAroundFilterObservation.lambda$wrap$0(ObservationFilterChainDecorator.java:323)
	at org.springframework.security.web.ObservationFilterChainDecorator$ObservationFilter.doFilter(ObservationFilterChainDecorator.java:224)
	at org.springframework.security.web.ObservationFilterChainDecorator$VirtualFilterChain.doFilter(ObservationFilterChainDecorator.java:137)
	at org.springframework.security.web.FilterChainProxy.doFilterInternal(FilterChainProxy.java:233)
	at org.springframework.security.web.FilterChainProxy.doFilter(FilterChainProxy.java:191)
	at org.springframework.web.filter.CompositeFilter$VirtualFilterChain.doFilter(CompositeFilter.java:113)
	at org.springframework.web.servlet.handler.HandlerMappingIntrospector.lambda$createCacheFilter$3(HandlerMappingIntrospector.java:195)
	at org.springframework.web.filter.CompositeFilter$VirtualFilterChain.doFilter(CompositeFilter.java:113)
	at org.springframework.web.filter.CompositeFilter.doFilter(CompositeFilter.java:74)
	at org.springframework.security.config.annotation.web.configuration.WebMvcSecurityConfiguration$CompositeFilterChainProxy.doFilter(WebMvcSecurityConfiguration.java:230)
	at org.springframework.web.filter.DelegatingFilterProxy.invokeDelegate(DelegatingFilterProxy.java:352)
	at org.springframework.web.filter.DelegatingFilterProxy.doFilter(DelegatingFilterProxy.java:268)
	at org.apache.catalina.core.ApplicationFilterChain.internalDoFilter(ApplicationFilterChain.java:175)
	at org.apache.catalina.core.ApplicationFilterChain.doFilter(ApplicationFilterChain.java:150)
	at org.springframework.web.filter.FormContentFilter.doFilterInternal(FormContentFilter.java:93)
	at org.springframework.web.filter.OncePerRequestFilter.doFilter(OncePerRequestFilter.java:116)
	at org.apache.catalina.core.ApplicationFilterChain.internalDoFilter(ApplicationFilterChain.java:175)
	at org.apache.catalina.core.ApplicationFilterChain.doFilter(ApplicationFilterChain.java:150)
	at org.springframework.web.filter.ServerHttpObservationFilter.doFilterInternal(ServerHttpObservationFilter.java:109)
	at org.springframework.web.filter.OncePerRequestFilter.doFilter(OncePerRequestFilter.java:116)
	at org.apache.catalina.core.ApplicationFilterChain.internalDoFilter(ApplicationFilterChain.java:175)
	at org.apache.catalina.core.ApplicationFilterChain.doFilter(ApplicationFilterChain.java:150)
	at org.springframework.web.filter.CharacterEncodingFilter.doFilterInternal(CharacterEncodingFilter.java:201)
	at org.springframework.web.filter.OncePerRequestFilter.doFilter(OncePerRequestFilter.java:116)
	at org.apache.catalina.core.ApplicationFilterChain.internalDoFilter(ApplicationFilterChain.java:175)
	at org.apache.catalina.core.ApplicationFilterChain.doFilter(ApplicationFilterChain.java:150)
	at org.apache.catalina.core.StandardWrapperValve.invoke(StandardWrapperValve.java:167)
	at org.apache.catalina.core.StandardContextValve.invoke(StandardContextValve.java:90)
	at org.apache.catalina.authenticator.AuthenticatorBase.invoke(AuthenticatorBase.java:482)
	at org.apache.catalina.core.StandardHostValve.invoke(StandardHostValve.java:115)
	at org.apache.catalina.valves.ErrorReportValve.invoke(ErrorReportValve.java:93)
	at org.apache.catalina.core.StandardEngineValve.invoke(StandardEngineValve.java:74)
	at org.apache.catalina.connector.CoyoteAdapter.service(CoyoteAdapter.java:344)
	at org.apache.coyote.http11.Http11Processor.service(Http11Processor.java:391)
	at org.apache.coyote.AbstractProcessorLight.process(AbstractProcessorLight.java:63)
	at org.apache.coyote.AbstractProtocol$ConnectionHandler.process(AbstractProtocol.java:896)
	at org.apache.tomcat.util.net.NioEndpoint$SocketProcessor.doRun(NioEndpoint.java:1736)
	at org.apache.tomcat.util.net.SocketProcessorBase.run(SocketProcessorBase.java:52)
	at org.apache.tomcat.util.threads.ThreadPoolExecutor.runWorker(ThreadPoolExecutor.java:1191)
	at org.apache.tomcat.util.threads.ThreadPoolExecutor$Worker.run(ThreadPoolExecutor.java:659)
	at org.apache.tomcat.util.threads.TaskThread$WrappingRunnable.run(TaskThread.java:63)
	at java.base/java.lang.Thread.run(Thread.java:1474)
19:11:15.790 [http-nio-8082-exec-4] WARN  o.s.w.s.m.m.a.ExceptionHandlerExceptionResolver - Resolved [org.springframework.web.servlet.resource.NoResourceFoundException: No static resource .well-known/camunda-automation-platform/webapps.]
19:11:16.464 [scheduling-1] INFO  o.u.i.config.DeploymentJsonLogger - [DeploymentJsonLogger] New deployment 'diagramBEE' (d5022208-91b9-11f1-a862-a85e45beb1b5) has JSON resources: [UniversityMap.json]
19:11:16.464 [scheduling-1] INFO  o.u.i.s.e.EnvironmentDataService - [EnvironmentDataService] Environment loaded from deployment JSON 'd5022208-91b9-11f1-a862-a85e45beb1b5/UniversityMap.json' with 13 places, 4 logical places
19:11:16.464 [scheduling-1] INFO  o.u.i.config.DeploymentJsonLogger - [DeploymentJsonLogger] Applied deployment JSON 'd5022208-91b9-11f1-a862-a85e45beb1b5/UniversityMap.json' (environmentApplied=true, participantsLoaded=0)
19:11:16.491 [scheduling-1] INFO  o.u.i.config.DeploymentJsonLogger - [DeploymentJsonLogger] Collaboration participants in 'diagramBEE.bpmn' (deployment=d5022208-91b9-11f1-a862-a85e45beb1b5):
19:11:16.491 [scheduling-1] INFO  o.u.i.config.DeploymentJsonLogger - [DeploymentJsonLogger] - participantId='Participant_0q1sid6', participantName='Player Team1'
19:11:16.491 [scheduling-1] INFO  o.u.i.config.DeploymentJsonLogger - [DeploymentJsonLogger] - participantId='Participant_0iebfgm', participantName='Ally Player Team1'
19:11:16.491 [scheduling-1] INFO  o.u.i.config.DeploymentJsonLogger - [DeploymentJsonLogger] - participantId='Participant_1mq5hg5', participantName='Player Team2'
19:11:16.491 [scheduling-1] INFO  o.u.i.config.DeploymentJsonLogger - [DeploymentJsonLogger] - participantId='Participant_1fxcd7o', participantName='Ally Player Team2'
19:11:16.491 [scheduling-1] INFO  o.u.i.s.p.ParticipantDataService - [ParticipantDataService] Merged participants from source 'd5022208-91b9-11f1-a862-a85e45beb1b5/collaboration-participants' -> added 0, total 4
19:11:16.491 [scheduling-1] INFO  o.u.i.config.DeploymentJsonLogger - [DeploymentJsonLogger] Merged BPMN collaboration participants for deployment d5022208-91b9-11f1-a862-a85e45beb1b5 (added=0)
19:22:35.689 [http-nio-8082-exec-2] ERROR o.u.i.e.GlobalExceptionHandler - [Unexpected Error] No static resource .well-known/camunda-automation-platform/webapps.
org.springframework.web.servlet.resource.NoResourceFoundException: No static resource .well-known/camunda-automation-platform/webapps.
	at org.springframework.web.servlet.resource.ResourceHttpRequestHandler.handleRequest(ResourceHttpRequestHandler.java:585)
	at org.springframework.web.servlet.mvc.HttpRequestHandlerAdapter.handle(HttpRequestHandlerAdapter.java:52)
	at org.springframework.web.servlet.DispatcherServlet.doDispatch(DispatcherServlet.java:1089)
	at org.springframework.web.servlet.DispatcherServlet.doService(DispatcherServlet.java:979)
	at org.springframework.web.servlet.FrameworkServlet.processRequest(FrameworkServlet.java:1014)
	at org.springframework.web.servlet.FrameworkServlet.doGet(FrameworkServlet.java:903)
	at jakarta.servlet.http.HttpServlet.service(HttpServlet.java:564)
	at org.springframework.web.servlet.FrameworkServlet.service(FrameworkServlet.java:885)
	at jakarta.servlet.http.HttpServlet.service(HttpServlet.java:658)
	at org.apache.catalina.core.ApplicationFilterChain.internalDoFilter(ApplicationFilterChain.java:206)
	at org.apache.catalina.core.ApplicationFilterChain.doFilter(ApplicationFilterChain.java:150)
	at org.apache.tomcat.websocket.server.WsFilter.doFilter(WsFilter.java:51)
	at org.apache.catalina.core.ApplicationFilterChain.internalDoFilter(ApplicationFilterChain.java:175)
	at org.apache.catalina.core.ApplicationFilterChain.doFilter(ApplicationFilterChain.java:150)
	at org.springframework.web.filter.RequestContextFilter.doFilterInternal(RequestContextFilter.java:100)
	at org.springframework.web.filter.OncePerRequestFilter.doFilter(OncePerRequestFilter.java:116)
	at org.apache.catalina.core.ApplicationFilterChain.internalDoFilter(ApplicationFilterChain.java:175)
	at org.apache.catalina.core.ApplicationFilterChain.doFilter(ApplicationFilterChain.java:150)
	at org.springframework.web.filter.CompositeFilter$VirtualFilterChain.doFilter(CompositeFilter.java:108)
	at org.springframework.security.web.FilterChainProxy.lambda$doFilterInternal$3(FilterChainProxy.java:231)
	at org.springframework.security.web.ObservationFilterChainDecorator$FilterObservation$SimpleFilterObservation.lambda$wrap$1(ObservationFilterChainDecorator.java:479)
	at org.springframework.security.web.ObservationFilterChainDecorator$AroundFilterObservation$SimpleAroundFilterObservation.lambda$wrap$1(ObservationFilterChainDecorator.java:340)
	at org.springframework.security.web.ObservationFilterChainDecorator.lambda$wrapSecured$0(ObservationFilterChainDecorator.java:82)
	at org.springframework.security.web.ObservationFilterChainDecorator$VirtualFilterChain.doFilter(ObservationFilterChainDecorator.java:128)
	at org.springframework.security.web.access.intercept.AuthorizationFilter.doFilter(AuthorizationFilter.java:100)
	at org.springframework.security.web.ObservationFilterChainDecorator$ObservationFilter.wrapFilter(ObservationFilterChainDecorator.java:240)
	at org.springframework.security.web.ObservationFilterChainDecorator$ObservationFilter.doFilter(ObservationFilterChainDecorator.java:227)
	at org.springframework.security.web.ObservationFilterChainDecorator$VirtualFilterChain.doFilter(ObservationFilterChainDecorator.java:137)
	at org.springframework.security.web.access.ExceptionTranslationFilter.doFilter(ExceptionTranslationFilter.java:126)
	at org.springframework.security.web.access.ExceptionTranslationFilter.doFilter(ExceptionTranslationFilter.java:120)
	at org.springframework.security.web.ObservationFilterChainDecorator$ObservationFilter.wrapFilter(ObservationFilterChainDecorator.java:240)
	at org.springframework.security.web.ObservationFilterChainDecorator$ObservationFilter.doFilter(ObservationFilterChainDecorator.java:227)
	at org.springframework.security.web.ObservationFilterChainDecorator$VirtualFilterChain.doFilter(ObservationFilterChainDecorator.java:137)
	at org.springframework.security.web.authentication.AnonymousAuthenticationFilter.doFilter(AnonymousAuthenticationFilter.java:100)
	at org.springframework.security.web.ObservationFilterChainDecorator$ObservationFilter.wrapFilter(ObservationFilterChainDecorator.java:240)
	at org.springframework.security.web.ObservationFilterChainDecorator$ObservationFilter.doFilter(ObservationFilterChainDecorator.java:227)
	at org.springframework.security.web.ObservationFilterChainDecorator$VirtualFilterChain.doFilter(ObservationFilterChainDecorator.java:137)
	at org.springframework.security.web.servletapi.SecurityContextHolderAwareRequestFilter.doFilter(SecurityContextHolderAwareRequestFilter.java:179)
	at org.springframework.security.web.ObservationFilterChainDecorator$ObservationFilter.wrapFilter(ObservationFilterChainDecorator.java:240)
	at org.springframework.security.web.ObservationFilterChainDecorator$ObservationFilter.doFilter(ObservationFilterChainDecorator.java:227)
	at org.springframework.security.web.ObservationFilterChainDecorator$VirtualFilterChain.doFilter(ObservationFilterChainDecorator.java:137)
	at org.springframework.security.web.savedrequest.RequestCacheAwareFilter.doFilter(RequestCacheAwareFilter.java:63)
	at org.springframework.security.web.ObservationFilterChainDecorator$ObservationFilter.wrapFilter(ObservationFilterChainDecorator.java:240)
	at org.springframework.security.web.ObservationFilterChainDecorator$ObservationFilter.doFilter(ObservationFilterChainDecorator.java:227)
	at org.springframework.security.web.ObservationFilterChainDecorator$VirtualFilterChain.doFilter(ObservationFilterChainDecorator.java:137)
	at org.springframework.security.web.authentication.logout.LogoutFilter.doFilter(LogoutFilter.java:107)
	at org.springframework.security.web.authentication.logout.LogoutFilter.doFilter(LogoutFilter.java:93)
	at org.springframework.security.web.ObservationFilterChainDecorator$ObservationFilter.wrapFilter(ObservationFilterChainDecorator.java:240)
	at org.springframework.security.web.ObservationFilterChainDecorator$ObservationFilter.doFilter(ObservationFilterChainDecorator.java:227)
	at org.springframework.security.web.ObservationFilterChainDecorator$VirtualFilterChain.doFilter(ObservationFilterChainDecorator.java:137)
	at org.springframework.web.filter.CorsFilter.doFilterInternal(CorsFilter.java:91)
	at org.springframework.web.filter.OncePerRequestFilter.doFilter(OncePerRequestFilter.java:116)
	at org.springframework.security.web.ObservationFilterChainDecorator$ObservationFilter.wrapFilter(ObservationFilterChainDecorator.java:240)
	at org.springframework.security.web.ObservationFilterChainDecorator$ObservationFilter.doFilter(ObservationFilterChainDecorator.java:227)
	at org.springframework.security.web.ObservationFilterChainDecorator$VirtualFilterChain.doFilter(ObservationFilterChainDecorator.java:137)
	at org.springframework.security.web.header.HeaderWriterFilter.doHeadersAfter(HeaderWriterFilter.java:90)
	at org.springframework.security.web.header.HeaderWriterFilter.doFilterInternal(HeaderWriterFilter.java:75)
	at org.springframework.web.filter.OncePerRequestFilter.doFilter(OncePerRequestFilter.java:116)
	at org.springframework.security.web.ObservationFilterChainDecorator$ObservationFilter.wrapFilter(ObservationFilterChainDecorator.java:240)
	at org.springframework.security.web.ObservationFilterChainDecorator$ObservationFilter.doFilter(ObservationFilterChainDecorator.java:227)
	at org.springframework.security.web.ObservationFilterChainDecorator$VirtualFilterChain.doFilter(ObservationFilterChainDecorator.java:137)
	at org.springframework.security.web.context.SecurityContextHolderFilter.doFilter(SecurityContextHolderFilter.java:82)
	at org.springframework.security.web.context.SecurityContextHolderFilter.doFilter(SecurityContextHolderFilter.java:69)
	at org.springframework.security.web.ObservationFilterChainDecorator$ObservationFilter.wrapFilter(ObservationFilterChainDecorator.java:240)
	at org.springframework.security.web.ObservationFilterChainDecorator$ObservationFilter.doFilter(ObservationFilterChainDecorator.java:227)
	at org.springframework.security.web.ObservationFilterChainDecorator$VirtualFilterChain.doFilter(ObservationFilterChainDecorator.java:137)
	at org.springframework.security.web.context.request.async.WebAsyncManagerIntegrationFilter.doFilterInternal(WebAsyncManagerIntegrationFilter.java:62)
	at org.springframework.web.filter.OncePerRequestFilter.doFilter(OncePerRequestFilter.java:116)
	at org.springframework.security.web.ObservationFilterChainDecorator$ObservationFilter.wrapFilter(ObservationFilterChainDecorator.java:240)
	at org.springframework.security.web.ObservationFilterChainDecorator$ObservationFilter.doFilter(ObservationFilterChainDecorator.java:227)
	at org.springframework.security.web.ObservationFilterChainDecorator$VirtualFilterChain.doFilter(ObservationFilterChainDecorator.java:137)
	at org.springframework.security.web.session.DisableEncodeUrlFilter.doFilterInternal(DisableEncodeUrlFilter.java:42)
	at org.springframework.web.filter.OncePerRequestFilter.doFilter(OncePerRequestFilter.java:116)
	at org.springframework.security.web.ObservationFilterChainDecorator$ObservationFilter.wrapFilter(ObservationFilterChainDecorator.java:240)
	at org.springframework.security.web.ObservationFilterChainDecorator$AroundFilterObservation$SimpleAroundFilterObservation.lambda$wrap$0(ObservationFilterChainDecorator.java:323)
	at org.springframework.security.web.ObservationFilterChainDecorator$ObservationFilter.doFilter(ObservationFilterChainDecorator.java:224)
	at org.springframework.security.web.ObservationFilterChainDecorator$VirtualFilterChain.doFilter(ObservationFilterChainDecorator.java:137)
	at org.springframework.security.web.FilterChainProxy.doFilterInternal(FilterChainProxy.java:233)
	at org.springframework.security.web.FilterChainProxy.doFilter(FilterChainProxy.java:191)
	at org.springframework.web.filter.CompositeFilter$VirtualFilterChain.doFilter(CompositeFilter.java:113)
	at org.springframework.web.servlet.handler.HandlerMappingIntrospector.lambda$createCacheFilter$3(HandlerMappingIntrospector.java:195)
	at org.springframework.web.filter.CompositeFilter$VirtualFilterChain.doFilter(CompositeFilter.java:113)
	at org.springframework.web.filter.CompositeFilter.doFilter(CompositeFilter.java:74)
	at org.springframework.security.config.annotation.web.configuration.WebMvcSecurityConfiguration$CompositeFilterChainProxy.doFilter(WebMvcSecurityConfiguration.java:230)
	at org.springframework.web.filter.DelegatingFilterProxy.invokeDelegate(DelegatingFilterProxy.java:352)
	at org.springframework.web.filter.DelegatingFilterProxy.doFilter(DelegatingFilterProxy.java:268)
	at org.apache.catalina.core.ApplicationFilterChain.internalDoFilter(ApplicationFilterChain.java:175)
	at org.apache.catalina.core.ApplicationFilterChain.doFilter(ApplicationFilterChain.java:150)
	at org.springframework.web.filter.FormContentFilter.doFilterInternal(FormContentFilter.java:93)
	at org.springframework.web.filter.OncePerRequestFilter.doFilter(OncePerRequestFilter.java:116)
	at org.apache.catalina.core.ApplicationFilterChain.internalDoFilter(ApplicationFilterChain.java:175)
	at org.apache.catalina.core.ApplicationFilterChain.doFilter(ApplicationFilterChain.java:150)
	at org.springframework.web.filter.ServerHttpObservationFilter.doFilterInternal(ServerHttpObservationFilter.java:109)
	at org.springframework.web.filter.OncePerRequestFilter.doFilter(OncePerRequestFilter.java:116)
	at org.apache.catalina.core.ApplicationFilterChain.internalDoFilter(ApplicationFilterChain.java:175)
	at org.apache.catalina.core.ApplicationFilterChain.doFilter(ApplicationFilterChain.java:150)
	at org.springframework.web.filter.CharacterEncodingFilter.doFilterInternal(CharacterEncodingFilter.java:201)
	at org.springframework.web.filter.OncePerRequestFilter.doFilter(OncePerRequestFilter.java:116)
	at org.apache.catalina.core.ApplicationFilterChain.internalDoFilter(ApplicationFilterChain.java:175)
	at org.apache.catalina.core.ApplicationFilterChain.doFilter(ApplicationFilterChain.java:150)
	at org.apache.catalina.core.StandardWrapperValve.invoke(StandardWrapperValve.java:167)
	at org.apache.catalina.core.StandardContextValve.invoke(StandardContextValve.java:90)
	at org.apache.catalina.authenticator.AuthenticatorBase.invoke(AuthenticatorBase.java:482)
	at org.apache.catalina.core.StandardHostValve.invoke(StandardHostValve.java:115)
	at org.apache.catalina.valves.ErrorReportValve.invoke(ErrorReportValve.java:93)
	at org.apache.catalina.core.StandardEngineValve.invoke(StandardEngineValve.java:74)
	at org.apache.catalina.connector.CoyoteAdapter.service(CoyoteAdapter.java:344)
	at org.apache.coyote.http11.Http11Processor.service(Http11Processor.java:391)
	at org.apache.coyote.AbstractProcessorLight.process(AbstractProcessorLight.java:63)
	at org.apache.coyote.AbstractProtocol$ConnectionHandler.process(AbstractProtocol.java:896)
	at org.apache.tomcat.util.net.NioEndpoint$SocketProcessor.doRun(NioEndpoint.java:1736)
	at org.apache.tomcat.util.net.SocketProcessorBase.run(SocketProcessorBase.java:52)
	at org.apache.tomcat.util.threads.ThreadPoolExecutor.runWorker(ThreadPoolExecutor.java:1191)
	at org.apache.tomcat.util.threads.ThreadPoolExecutor$Worker.run(ThreadPoolExecutor.java:659)
	at org.apache.tomcat.util.threads.TaskThread$WrappingRunnable.run(TaskThread.java:63)
	at java.base/java.lang.Thread.run(Thread.java:1474)
19:22:35.695 [http-nio-8082-exec-2] WARN  o.s.w.s.m.m.a.ExceptionHandlerExceptionResolver - Resolved [org.springframework.web.servlet.resource.NoResourceFoundException: No static resource .well-known/camunda-automation-platform/webapps.]
19:45:11.833 [http-nio-8082-exec-7] INFO  org.camunda.bpm.engine.bpmn.parser - ENGINE-01002 Ignoring non-executable process with id 'Process_1vglwxn'. Set the attribute isExecutable="true" to deploy this process.
19:45:11.834 [http-nio-8082-exec-7] INFO  org.camunda.bpm.engine.bpmn.parser - ENGINE-01002 Ignoring non-executable process with id 'Process_0n0g83c'. Set the attribute isExecutable="true" to deploy this process.
19:45:11.834 [http-nio-8082-exec-7] INFO  org.camunda.bpm.engine.bpmn.parser - ENGINE-01002 Ignoring non-executable process with id 'Process_181gju4'. Set the attribute isExecutable="true" to deploy this process.
19:45:11.834 [http-nio-8082-exec-7] INFO  org.camunda.bpm.engine.bpmn.parser - ENGINE-01002 Ignoring non-executable process with id 'Process_193qi7r'. Set the attribute isExecutable="true" to deploy this process.
19:45:12.100 [http-nio-8082-exec-10] ERROR o.u.i.e.GlobalExceptionHandler - [Unexpected Error] No static resource .well-known/camunda-automation-platform/webapps.
org.springframework.web.servlet.resource.NoResourceFoundException: No static resource .well-known/camunda-automation-platform/webapps.
	at org.springframework.web.servlet.resource.ResourceHttpRequestHandler.handleRequest(ResourceHttpRequestHandler.java:585)
	at org.springframework.web.servlet.mvc.HttpRequestHandlerAdapter.handle(HttpRequestHandlerAdapter.java:52)
	at org.springframework.web.servlet.DispatcherServlet.doDispatch(DispatcherServlet.java:1089)
	at org.springframework.web.servlet.DispatcherServlet.doService(DispatcherServlet.java:979)
	at org.springframework.web.servlet.FrameworkServlet.processRequest(FrameworkServlet.java:1014)
	at org.springframework.web.servlet.FrameworkServlet.doGet(FrameworkServlet.java:903)
	at jakarta.servlet.http.HttpServlet.service(HttpServlet.java:564)
	at org.springframework.web.servlet.FrameworkServlet.service(FrameworkServlet.java:885)
	at jakarta.servlet.http.HttpServlet.service(HttpServlet.java:658)
	at org.apache.catalina.core.ApplicationFilterChain.internalDoFilter(ApplicationFilterChain.java:206)
	at org.apache.catalina.core.ApplicationFilterChain.doFilter(ApplicationFilterChain.java:150)
	at org.apache.tomcat.websocket.server.WsFilter.doFilter(WsFilter.java:51)
	at org.apache.catalina.core.ApplicationFilterChain.internalDoFilter(ApplicationFilterChain.java:175)
	at org.apache.catalina.core.ApplicationFilterChain.doFilter(ApplicationFilterChain.java:150)
	at org.springframework.web.filter.RequestContextFilter.doFilterInternal(RequestContextFilter.java:100)
	at org.springframework.web.filter.OncePerRequestFilter.doFilter(OncePerRequestFilter.java:116)
	at org.apache.catalina.core.ApplicationFilterChain.internalDoFilter(ApplicationFilterChain.java:175)
	at org.apache.catalina.core.ApplicationFilterChain.doFilter(ApplicationFilterChain.java:150)
	at org.springframework.web.filter.CompositeFilter$VirtualFilterChain.doFilter(CompositeFilter.java:108)
	at org.springframework.security.web.FilterChainProxy.lambda$doFilterInternal$3(FilterChainProxy.java:231)
	at org.springframework.security.web.ObservationFilterChainDecorator$FilterObservation$SimpleFilterObservation.lambda$wrap$1(ObservationFilterChainDecorator.java:479)
	at org.springframework.security.web.ObservationFilterChainDecorator$AroundFilterObservation$SimpleAroundFilterObservation.lambda$wrap$1(ObservationFilterChainDecorator.java:340)
	at org.springframework.security.web.ObservationFilterChainDecorator.lambda$wrapSecured$0(ObservationFilterChainDecorator.java:82)
	at org.springframework.security.web.ObservationFilterChainDecorator$VirtualFilterChain.doFilter(ObservationFilterChainDecorator.java:128)
	at org.springframework.security.web.access.intercept.AuthorizationFilter.doFilter(AuthorizationFilter.java:100)
	at org.springframework.security.web.ObservationFilterChainDecorator$ObservationFilter.wrapFilter(ObservationFilterChainDecorator.java:240)
	at org.springframework.security.web.ObservationFilterChainDecorator$ObservationFilter.doFilter(ObservationFilterChainDecorator.java:227)
	at org.springframework.security.web.ObservationFilterChainDecorator$VirtualFilterChain.doFilter(ObservationFilterChainDecorator.java:137)
	at org.springframework.security.web.access.ExceptionTranslationFilter.doFilter(ExceptionTranslationFilter.java:126)
	at org.springframework.security.web.access.ExceptionTranslationFilter.doFilter(ExceptionTranslationFilter.java:120)
	at org.springframework.security.web.ObservationFilterChainDecorator$ObservationFilter.wrapFilter(ObservationFilterChainDecorator.java:240)
	at org.springframework.security.web.ObservationFilterChainDecorator$ObservationFilter.doFilter(ObservationFilterChainDecorator.java:227)
	at org.springframework.security.web.ObservationFilterChainDecorator$VirtualFilterChain.doFilter(ObservationFilterChainDecorator.java:137)
	at org.springframework.security.web.authentication.AnonymousAuthenticationFilter.doFilter(AnonymousAuthenticationFilter.java:100)
	at org.springframework.security.web.ObservationFilterChainDecorator$ObservationFilter.wrapFilter(ObservationFilterChainDecorator.java:240)
	at org.springframework.security.web.ObservationFilterChainDecorator$ObservationFilter.doFilter(ObservationFilterChainDecorator.java:227)
	at org.springframework.security.web.ObservationFilterChainDecorator$VirtualFilterChain.doFilter(ObservationFilterChainDecorator.java:137)
	at org.springframework.security.web.servletapi.SecurityContextHolderAwareRequestFilter.doFilter(SecurityContextHolderAwareRequestFilter.java:179)
	at org.springframework.security.web.ObservationFilterChainDecorator$ObservationFilter.wrapFilter(ObservationFilterChainDecorator.java:240)
	at org.springframework.security.web.ObservationFilterChainDecorator$ObservationFilter.doFilter(ObservationFilterChainDecorator.java:227)
	at org.springframework.security.web.ObservationFilterChainDecorator$VirtualFilterChain.doFilter(ObservationFilterChainDecorator.java:137)
	at org.springframework.security.web.savedrequest.RequestCacheAwareFilter.doFilter(RequestCacheAwareFilter.java:63)
	at org.springframework.security.web.ObservationFilterChainDecorator$ObservationFilter.wrapFilter(ObservationFilterChainDecorator.java:240)
	at org.springframework.security.web.ObservationFilterChainDecorator$ObservationFilter.doFilter(ObservationFilterChainDecorator.java:227)
	at org.springframework.security.web.ObservationFilterChainDecorator$VirtualFilterChain.doFilter(ObservationFilterChainDecorator.java:137)
	at org.springframework.security.web.authentication.logout.LogoutFilter.doFilter(LogoutFilter.java:107)
	at org.springframework.security.web.authentication.logout.LogoutFilter.doFilter(LogoutFilter.java:93)
	at org.springframework.security.web.ObservationFilterChainDecorator$ObservationFilter.wrapFilter(ObservationFilterChainDecorator.java:240)
	at org.springframework.security.web.ObservationFilterChainDecorator$ObservationFilter.doFilter(ObservationFilterChainDecorator.java:227)
	at org.springframework.security.web.ObservationFilterChainDecorator$VirtualFilterChain.doFilter(ObservationFilterChainDecorator.java:137)
	at org.springframework.web.filter.CorsFilter.doFilterInternal(CorsFilter.java:91)
	at org.springframework.web.filter.OncePerRequestFilter.doFilter(OncePerRequestFilter.java:116)
	at org.springframework.security.web.ObservationFilterChainDecorator$ObservationFilter.wrapFilter(ObservationFilterChainDecorator.java:240)
	at org.springframework.security.web.ObservationFilterChainDecorator$ObservationFilter.doFilter(ObservationFilterChainDecorator.java:227)
	at org.springframework.security.web.ObservationFilterChainDecorator$VirtualFilterChain.doFilter(ObservationFilterChainDecorator.java:137)
	at org.springframework.security.web.header.HeaderWriterFilter.doHeadersAfter(HeaderWriterFilter.java:90)
	at org.springframework.security.web.header.HeaderWriterFilter.doFilterInternal(HeaderWriterFilter.java:75)
	at org.springframework.web.filter.OncePerRequestFilter.doFilter(OncePerRequestFilter.java:116)
	at org.springframework.security.web.ObservationFilterChainDecorator$ObservationFilter.wrapFilter(ObservationFilterChainDecorator.java:240)
	at org.springframework.security.web.ObservationFilterChainDecorator$ObservationFilter.doFilter(ObservationFilterChainDecorator.java:227)
	at org.springframework.security.web.ObservationFilterChainDecorator$VirtualFilterChain.doFilter(ObservationFilterChainDecorator.java:137)
	at org.springframework.security.web.context.SecurityContextHolderFilter.doFilter(SecurityContextHolderFilter.java:82)
	at org.springframework.security.web.context.SecurityContextHolderFilter.doFilter(SecurityContextHolderFilter.java:69)
	at org.springframework.security.web.ObservationFilterChainDecorator$ObservationFilter.wrapFilter(ObservationFilterChainDecorator.java:240)
	at org.springframework.security.web.ObservationFilterChainDecorator$ObservationFilter.doFilter(ObservationFilterChainDecorator.java:227)
	at org.springframework.security.web.ObservationFilterChainDecorator$VirtualFilterChain.doFilter(ObservationFilterChainDecorator.java:137)
	at org.springframework.security.web.context.request.async.WebAsyncManagerIntegrationFilter.doFilterInternal(WebAsyncManagerIntegrationFilter.java:62)
	at org.springframework.web.filter.OncePerRequestFilter.doFilter(OncePerRequestFilter.java:116)
	at org.springframework.security.web.ObservationFilterChainDecorator$ObservationFilter.wrapFilter(ObservationFilterChainDecorator.java:240)
	at org.springframework.security.web.ObservationFilterChainDecorator$ObservationFilter.doFilter(ObservationFilterChainDecorator.java:227)
	at org.springframework.security.web.ObservationFilterChainDecorator$VirtualFilterChain.doFilter(ObservationFilterChainDecorator.java:137)
	at org.springframework.security.web.session.DisableEncodeUrlFilter.doFilterInternal(DisableEncodeUrlFilter.java:42)
	at org.springframework.web.filter.OncePerRequestFilter.doFilter(OncePerRequestFilter.java:116)
	at org.springframework.security.web.ObservationFilterChainDecorator$ObservationFilter.wrapFilter(ObservationFilterChainDecorator.java:240)
	at org.springframework.security.web.ObservationFilterChainDecorator$AroundFilterObservation$SimpleAroundFilterObservation.lambda$wrap$0(ObservationFilterChainDecorator.java:323)
	at org.springframework.security.web.ObservationFilterChainDecorator$ObservationFilter.doFilter(ObservationFilterChainDecorator.java:224)
	at org.springframework.security.web.ObservationFilterChainDecorator$VirtualFilterChain.doFilter(ObservationFilterChainDecorator.java:137)
	at org.springframework.security.web.FilterChainProxy.doFilterInternal(FilterChainProxy.java:233)
	at org.springframework.security.web.FilterChainProxy.doFilter(FilterChainProxy.java:191)
	at org.springframework.web.filter.CompositeFilter$VirtualFilterChain.doFilter(CompositeFilter.java:113)
	at org.springframework.web.servlet.handler.HandlerMappingIntrospector.lambda$createCacheFilter$3(HandlerMappingIntrospector.java:195)
	at org.springframework.web.filter.CompositeFilter$VirtualFilterChain.doFilter(CompositeFilter.java:113)
	at org.springframework.web.filter.CompositeFilter.doFilter(CompositeFilter.java:74)
	at org.springframework.security.config.annotation.web.configuration.WebMvcSecurityConfiguration$CompositeFilterChainProxy.doFilter(WebMvcSecurityConfiguration.java:230)
	at org.springframework.web.filter.DelegatingFilterProxy.invokeDelegate(DelegatingFilterProxy.java:352)
	at org.springframework.web.filter.DelegatingFilterProxy.doFilter(DelegatingFilterProxy.java:268)
	at org.apache.catalina.core.ApplicationFilterChain.internalDoFilter(ApplicationFilterChain.java:175)
	at org.apache.catalina.core.ApplicationFilterChain.doFilter(ApplicationFilterChain.java:150)
	at org.springframework.web.filter.FormContentFilter.doFilterInternal(FormContentFilter.java:93)
	at org.springframework.web.filter.OncePerRequestFilter.doFilter(OncePerRequestFilter.java:116)
	at org.apache.catalina.core.ApplicationFilterChain.internalDoFilter(ApplicationFilterChain.java:175)
	at org.apache.catalina.core.ApplicationFilterChain.doFilter(ApplicationFilterChain.java:150)
	at org.springframework.web.filter.ServerHttpObservationFilter.doFilterInternal(ServerHttpObservationFilter.java:109)
	at org.springframework.web.filter.OncePerRequestFilter.doFilter(OncePerRequestFilter.java:116)
	at org.apache.catalina.core.ApplicationFilterChain.internalDoFilter(ApplicationFilterChain.java:175)
	at org.apache.catalina.core.ApplicationFilterChain.doFilter(ApplicationFilterChain.java:150)
	at org.springframework.web.filter.CharacterEncodingFilter.doFilterInternal(CharacterEncodingFilter.java:201)
	at org.springframework.web.filter.OncePerRequestFilter.doFilter(OncePerRequestFilter.java:116)
	at org.apache.catalina.core.ApplicationFilterChain.internalDoFilter(ApplicationFilterChain.java:175)
	at org.apache.catalina.core.ApplicationFilterChain.doFilter(ApplicationFilterChain.java:150)
	at org.apache.catalina.core.StandardWrapperValve.invoke(StandardWrapperValve.java:167)
	at org.apache.catalina.core.StandardContextValve.invoke(StandardContextValve.java:90)
	at org.apache.catalina.authenticator.AuthenticatorBase.invoke(AuthenticatorBase.java:482)
	at org.apache.catalina.core.StandardHostValve.invoke(StandardHostValve.java:115)
	at org.apache.catalina.valves.ErrorReportValve.invoke(ErrorReportValve.java:93)
	at org.apache.catalina.core.StandardEngineValve.invoke(StandardEngineValve.java:74)
	at org.apache.catalina.connector.CoyoteAdapter.service(CoyoteAdapter.java:344)
	at org.apache.coyote.http11.Http11Processor.service(Http11Processor.java:391)
	at org.apache.coyote.AbstractProcessorLight.process(AbstractProcessorLight.java:63)
	at org.apache.coyote.AbstractProtocol$ConnectionHandler.process(AbstractProtocol.java:896)
	at org.apache.tomcat.util.net.NioEndpoint$SocketProcessor.doRun(NioEndpoint.java:1736)
	at org.apache.tomcat.util.net.SocketProcessorBase.run(SocketProcessorBase.java:52)
	at org.apache.tomcat.util.threads.ThreadPoolExecutor.runWorker(ThreadPoolExecutor.java:1191)
	at org.apache.tomcat.util.threads.ThreadPoolExecutor$Worker.run(ThreadPoolExecutor.java:659)
	at org.apache.tomcat.util.threads.TaskThread$WrappingRunnable.run(TaskThread.java:63)
	at java.base/java.lang.Thread.run(Thread.java:1474)
19:45:12.104 [http-nio-8082-exec-10] WARN  o.s.w.s.m.m.a.ExceptionHandlerExceptionResolver - Resolved [org.springframework.web.servlet.resource.NoResourceFoundException: No static resource .well-known/camunda-automation-platform/webapps.]
19:45:13.389 [scheduling-1] INFO  o.u.i.config.DeploymentJsonLogger - [DeploymentJsonLogger] New deployment 'diagramBEE' (92d0ff0b-91be-11f1-a862-a85e45beb1b5) has JSON resources: [UniversityMap.json]
19:45:13.390 [scheduling-1] INFO  o.u.i.s.e.EnvironmentDataService - [EnvironmentDataService] Environment loaded from deployment JSON '92d0ff0b-91be-11f1-a862-a85e45beb1b5/UniversityMap.json' with 13 places, 4 logical places
19:45:13.391 [scheduling-1] INFO  o.u.i.config.DeploymentJsonLogger - [DeploymentJsonLogger] Applied deployment JSON '92d0ff0b-91be-11f1-a862-a85e45beb1b5/UniversityMap.json' (environmentApplied=true, participantsLoaded=0)
19:45:13.414 [scheduling-1] INFO  o.u.i.config.DeploymentJsonLogger - [DeploymentJsonLogger] Collaboration participants in 'diagramBEE.bpmn' (deployment=92d0ff0b-91be-11f1-a862-a85e45beb1b5):
19:45:13.414 [scheduling-1] INFO  o.u.i.config.DeploymentJsonLogger - [DeploymentJsonLogger] - participantId='Participant_0q1sid6', participantName='Player Team1'
19:45:13.414 [scheduling-1] INFO  o.u.i.config.DeploymentJsonLogger - [DeploymentJsonLogger] - participantId='Participant_0iebfgm', participantName='Ally Player Team1'
19:45:13.416 [scheduling-1] INFO  o.u.i.config.DeploymentJsonLogger - [DeploymentJsonLogger] - participantId='Participant_1mq5hg5', participantName='Player Team2'
19:45:13.416 [scheduling-1] INFO  o.u.i.config.DeploymentJsonLogger - [DeploymentJsonLogger] - participantId='Participant_1fxcd7o', participantName='Ally Player Team2'
19:45:13.416 [scheduling-1] INFO  o.u.i.s.p.ParticipantDataService - [ParticipantDataService] Merged participants from source '92d0ff0b-91be-11f1-a862-a85e45beb1b5/collaboration-participants' -> added 0, total 4
19:45:13.416 [scheduling-1] INFO  o.u.i.config.DeploymentJsonLogger - [DeploymentJsonLogger] Merged BPMN collaboration participants for deployment 92d0ff0b-91be-11f1-a862-a85e45beb1b5 (added=0)
19:46:02.292 [http-nio-8082-exec-4] INFO  org.camunda.bpm.engine.bpmn.parser - ENGINE-01002 Ignoring non-executable process with id 'Process_1vglwxn'. Set the attribute isExecutable="true" to deploy this process.
19:46:02.293 [http-nio-8082-exec-4] INFO  org.camunda.bpm.engine.bpmn.parser - ENGINE-01002 Ignoring non-executable process with id 'Process_0n0g83c'. Set the attribute isExecutable="true" to deploy this process.
19:46:02.293 [http-nio-8082-exec-4] INFO  org.camunda.bpm.engine.bpmn.parser - ENGINE-01002 Ignoring non-executable process with id 'Process_181gju4'. Set the attribute isExecutable="true" to deploy this process.
19:46:02.293 [http-nio-8082-exec-4] INFO  org.camunda.bpm.engine.bpmn.parser - ENGINE-01002 Ignoring non-executable process with id 'Process_193qi7r'. Set the attribute isExecutable="true" to deploy this process.
19:46:02.580 [http-nio-8082-exec-5] ERROR o.u.i.e.GlobalExceptionHandler - [Unexpected Error] No static resource .well-known/camunda-automation-platform/webapps.
org.springframework.web.servlet.resource.NoResourceFoundException: No static resource .well-known/camunda-automation-platform/webapps.
	at org.springframework.web.servlet.resource.ResourceHttpRequestHandler.handleRequest(ResourceHttpRequestHandler.java:585)
	at org.springframework.web.servlet.mvc.HttpRequestHandlerAdapter.handle(HttpRequestHandlerAdapter.java:52)
	at org.springframework.web.servlet.DispatcherServlet.doDispatch(DispatcherServlet.java:1089)
	at org.springframework.web.servlet.DispatcherServlet.doService(DispatcherServlet.java:979)
	at org.springframework.web.servlet.FrameworkServlet.processRequest(FrameworkServlet.java:1014)
	at org.springframework.web.servlet.FrameworkServlet.doGet(FrameworkServlet.java:903)
	at jakarta.servlet.http.HttpServlet.service(HttpServlet.java:564)
	at org.springframework.web.servlet.FrameworkServlet.service(FrameworkServlet.java:885)
	at jakarta.servlet.http.HttpServlet.service(HttpServlet.java:658)
	at org.apache.catalina.core.ApplicationFilterChain.internalDoFilter(ApplicationFilterChain.java:206)
	at org.apache.catalina.core.ApplicationFilterChain.doFilter(ApplicationFilterChain.java:150)
	at org.apache.tomcat.websocket.server.WsFilter.doFilter(WsFilter.java:51)
	at org.apache.catalina.core.ApplicationFilterChain.internalDoFilter(ApplicationFilterChain.java:175)
	at org.apache.catalina.core.ApplicationFilterChain.doFilter(ApplicationFilterChain.java:150)
	at org.springframework.web.filter.RequestContextFilter.doFilterInternal(RequestContextFilter.java:100)
	at org.springframework.web.filter.OncePerRequestFilter.doFilter(OncePerRequestFilter.java:116)
	at org.apache.catalina.core.ApplicationFilterChain.internalDoFilter(ApplicationFilterChain.java:175)
	at org.apache.catalina.core.ApplicationFilterChain.doFilter(ApplicationFilterChain.java:150)
	at org.springframework.web.filter.CompositeFilter$VirtualFilterChain.doFilter(CompositeFilter.java:108)
	at org.springframework.security.web.FilterChainProxy.lambda$doFilterInternal$3(FilterChainProxy.java:231)
	at org.springframework.security.web.ObservationFilterChainDecorator$FilterObservation$SimpleFilterObservation.lambda$wrap$1(ObservationFilterChainDecorator.java:479)
	at org.springframework.security.web.ObservationFilterChainDecorator$AroundFilterObservation$SimpleAroundFilterObservation.lambda$wrap$1(ObservationFilterChainDecorator.java:340)
	at org.springframework.security.web.ObservationFilterChainDecorator.lambda$wrapSecured$0(ObservationFilterChainDecorator.java:82)
	at org.springframework.security.web.ObservationFilterChainDecorator$VirtualFilterChain.doFilter(ObservationFilterChainDecorator.java:128)
	at org.springframework.security.web.access.intercept.AuthorizationFilter.doFilter(AuthorizationFilter.java:100)
	at org.springframework.security.web.ObservationFilterChainDecorator$ObservationFilter.wrapFilter(ObservationFilterChainDecorator.java:240)
	at org.springframework.security.web.ObservationFilterChainDecorator$ObservationFilter.doFilter(ObservationFilterChainDecorator.java:227)
	at org.springframework.security.web.ObservationFilterChainDecorator$VirtualFilterChain.doFilter(ObservationFilterChainDecorator.java:137)
	at org.springframework.security.web.access.ExceptionTranslationFilter.doFilter(ExceptionTranslationFilter.java:126)
	at org.springframework.security.web.access.ExceptionTranslationFilter.doFilter(ExceptionTranslationFilter.java:120)
	at org.springframework.security.web.ObservationFilterChainDecorator$ObservationFilter.wrapFilter(ObservationFilterChainDecorator.java:240)
	at org.springframework.security.web.ObservationFilterChainDecorator$ObservationFilter.doFilter(ObservationFilterChainDecorator.java:227)
	at org.springframework.security.web.ObservationFilterChainDecorator$VirtualFilterChain.doFilter(ObservationFilterChainDecorator.java:137)
	at org.springframework.security.web.authentication.AnonymousAuthenticationFilter.doFilter(AnonymousAuthenticationFilter.java:100)
	at org.springframework.security.web.ObservationFilterChainDecorator$ObservationFilter.wrapFilter(ObservationFilterChainDecorator.java:240)
	at org.springframework.security.web.ObservationFilterChainDecorator$ObservationFilter.doFilter(ObservationFilterChainDecorator.java:227)
	at org.springframework.security.web.ObservationFilterChainDecorator$VirtualFilterChain.doFilter(ObservationFilterChainDecorator.java:137)
	at org.springframework.security.web.servletapi.SecurityContextHolderAwareRequestFilter.doFilter(SecurityContextHolderAwareRequestFilter.java:179)
	at org.springframework.security.web.ObservationFilterChainDecorator$ObservationFilter.wrapFilter(ObservationFilterChainDecorator.java:240)
	at org.springframework.security.web.ObservationFilterChainDecorator$ObservationFilter.doFilter(ObservationFilterChainDecorator.java:227)
	at org.springframework.security.web.ObservationFilterChainDecorator$VirtualFilterChain.doFilter(ObservationFilterChainDecorator.java:137)
	at org.springframework.security.web.savedrequest.RequestCacheAwareFilter.doFilter(RequestCacheAwareFilter.java:63)
	at org.springframework.security.web.ObservationFilterChainDecorator$ObservationFilter.wrapFilter(ObservationFilterChainDecorator.java:240)
	at org.springframework.security.web.ObservationFilterChainDecorator$ObservationFilter.doFilter(ObservationFilterChainDecorator.java:227)
	at org.springframework.security.web.ObservationFilterChainDecorator$VirtualFilterChain.doFilter(ObservationFilterChainDecorator.java:137)
	at org.springframework.security.web.authentication.logout.LogoutFilter.doFilter(LogoutFilter.java:107)
	at org.springframework.security.web.authentication.logout.LogoutFilter.doFilter(LogoutFilter.java:93)
	at org.springframework.security.web.ObservationFilterChainDecorator$ObservationFilter.wrapFilter(ObservationFilterChainDecorator.java:240)
	at org.springframework.security.web.ObservationFilterChainDecorator$ObservationFilter.doFilter(ObservationFilterChainDecorator.java:227)
	at org.springframework.security.web.ObservationFilterChainDecorator$VirtualFilterChain.doFilter(ObservationFilterChainDecorator.java:137)
	at org.springframework.web.filter.CorsFilter.doFilterInternal(CorsFilter.java:91)
	at org.springframework.web.filter.OncePerRequestFilter.doFilter(OncePerRequestFilter.java:116)
	at org.springframework.security.web.ObservationFilterChainDecorator$ObservationFilter.wrapFilter(ObservationFilterChainDecorator.java:240)
	at org.springframework.security.web.ObservationFilterChainDecorator$ObservationFilter.doFilter(ObservationFilterChainDecorator.java:227)
	at org.springframework.security.web.ObservationFilterChainDecorator$VirtualFilterChain.doFilter(ObservationFilterChainDecorator.java:137)
	at org.springframework.security.web.header.HeaderWriterFilter.doHeadersAfter(HeaderWriterFilter.java:90)
	at org.springframework.security.web.header.HeaderWriterFilter.doFilterInternal(HeaderWriterFilter.java:75)
	at org.springframework.web.filter.OncePerRequestFilter.doFilter(OncePerRequestFilter.java:116)
	at org.springframework.security.web.ObservationFilterChainDecorator$ObservationFilter.wrapFilter(ObservationFilterChainDecorator.java:240)
	at org.springframework.security.web.ObservationFilterChainDecorator$ObservationFilter.doFilter(ObservationFilterChainDecorator.java:227)
	at org.springframework.security.web.ObservationFilterChainDecorator$VirtualFilterChain.doFilter(ObservationFilterChainDecorator.java:137)
	at org.springframework.security.web.context.SecurityContextHolderFilter.doFilter(SecurityContextHolderFilter.java:82)
	at org.springframework.security.web.context.SecurityContextHolderFilter.doFilter(SecurityContextHolderFilter.java:69)
	at org.springframework.security.web.ObservationFilterChainDecorator$ObservationFilter.wrapFilter(ObservationFilterChainDecorator.java:240)
	at org.springframework.security.web.ObservationFilterChainDecorator$ObservationFilter.doFilter(ObservationFilterChainDecorator.java:227)
	at org.springframework.security.web.ObservationFilterChainDecorator$VirtualFilterChain.doFilter(ObservationFilterChainDecorator.java:137)
	at org.springframework.security.web.context.request.async.WebAsyncManagerIntegrationFilter.doFilterInternal(WebAsyncManagerIntegrationFilter.java:62)
	at org.springframework.web.filter.OncePerRequestFilter.doFilter(OncePerRequestFilter.java:116)
	at org.springframework.security.web.ObservationFilterChainDecorator$ObservationFilter.wrapFilter(ObservationFilterChainDecorator.java:240)
	at org.springframework.security.web.ObservationFilterChainDecorator$ObservationFilter.doFilter(ObservationFilterChainDecorator.java:227)
	at org.springframework.security.web.ObservationFilterChainDecorator$VirtualFilterChain.doFilter(ObservationFilterChainDecorator.java:137)
	at org.springframework.security.web.session.DisableEncodeUrlFilter.doFilterInternal(DisableEncodeUrlFilter.java:42)
	at org.springframework.web.filter.OncePerRequestFilter.doFilter(OncePerRequestFilter.java:116)
	at org.springframework.security.web.ObservationFilterChainDecorator$ObservationFilter.wrapFilter(ObservationFilterChainDecorator.java:240)
	at org.springframework.security.web.ObservationFilterChainDecorator$AroundFilterObservation$SimpleAroundFilterObservation.lambda$wrap$0(ObservationFilterChainDecorator.java:323)
	at org.springframework.security.web.ObservationFilterChainDecorator$ObservationFilter.doFilter(ObservationFilterChainDecorator.java:224)
	at org.springframework.security.web.ObservationFilterChainDecorator$VirtualFilterChain.doFilter(ObservationFilterChainDecorator.java:137)
	at org.springframework.security.web.FilterChainProxy.doFilterInternal(FilterChainProxy.java:233)
	at org.springframework.security.web.FilterChainProxy.doFilter(FilterChainProxy.java:191)
	at org.springframework.web.filter.CompositeFilter$VirtualFilterChain.doFilter(CompositeFilter.java:113)
	at org.springframework.web.servlet.handler.HandlerMappingIntrospector.lambda$createCacheFilter$3(HandlerMappingIntrospector.java:195)
	at org.springframework.web.filter.CompositeFilter$VirtualFilterChain.doFilter(CompositeFilter.java:113)
	at org.springframework.web.filter.CompositeFilter.doFilter(CompositeFilter.java:74)
	at org.springframework.security.config.annotation.web.configuration.WebMvcSecurityConfiguration$CompositeFilterChainProxy.doFilter(WebMvcSecurityConfiguration.java:230)
	at org.springframework.web.filter.DelegatingFilterProxy.invokeDelegate(DelegatingFilterProxy.java:352)
	at org.springframework.web.filter.DelegatingFilterProxy.doFilter(DelegatingFilterProxy.java:268)
	at org.apache.catalina.core.ApplicationFilterChain.internalDoFilter(ApplicationFilterChain.java:175)
	at org.apache.catalina.core.ApplicationFilterChain.doFilter(ApplicationFilterChain.java:150)
	at org.springframework.web.filter.FormContentFilter.doFilterInternal(FormContentFilter.java:93)
	at org.springframework.web.filter.OncePerRequestFilter.doFilter(OncePerRequestFilter.java:116)
	at org.apache.catalina.core.ApplicationFilterChain.internalDoFilter(ApplicationFilterChain.java:175)
	at org.apache.catalina.core.ApplicationFilterChain.doFilter(ApplicationFilterChain.java:150)
	at org.springframework.web.filter.ServerHttpObservationFilter.doFilterInternal(ServerHttpObservationFilter.java:109)
	at org.springframework.web.filter.OncePerRequestFilter.doFilter(OncePerRequestFilter.java:116)
	at org.apache.catalina.core.ApplicationFilterChain.internalDoFilter(ApplicationFilterChain.java:175)
	at org.apache.catalina.core.ApplicationFilterChain.doFilter(ApplicationFilterChain.java:150)
	at org.springframework.web.filter.CharacterEncodingFilter.doFilterInternal(CharacterEncodingFilter.java:201)
	at org.springframework.web.filter.OncePerRequestFilter.doFilter(OncePerRequestFilter.java:116)
	at org.apache.catalina.core.ApplicationFilterChain.internalDoFilter(ApplicationFilterChain.java:175)
	at org.apache.catalina.core.ApplicationFilterChain.doFilter(ApplicationFilterChain.java:150)
	at org.apache.catalina.core.StandardWrapperValve.invoke(StandardWrapperValve.java:167)
	at org.apache.catalina.core.StandardContextValve.invoke(StandardContextValve.java:90)
	at org.apache.catalina.authenticator.AuthenticatorBase.invoke(AuthenticatorBase.java:482)
	at org.apache.catalina.core.StandardHostValve.invoke(StandardHostValve.java:115)
	at org.apache.catalina.valves.ErrorReportValve.invoke(ErrorReportValve.java:93)
	at org.apache.catalina.core.StandardEngineValve.invoke(StandardEngineValve.java:74)
	at org.apache.catalina.connector.CoyoteAdapter.service(CoyoteAdapter.java:344)
	at org.apache.coyote.http11.Http11Processor.service(Http11Processor.java:391)
	at org.apache.coyote.AbstractProcessorLight.process(AbstractProcessorLight.java:63)
	at org.apache.coyote.AbstractProtocol$ConnectionHandler.process(AbstractProtocol.java:896)
	at org.apache.tomcat.util.net.NioEndpoint$SocketProcessor.doRun(NioEndpoint.java:1736)
	at org.apache.tomcat.util.net.SocketProcessorBase.run(SocketProcessorBase.java:52)
	at org.apache.tomcat.util.threads.ThreadPoolExecutor.runWorker(ThreadPoolExecutor.java:1191)
	at org.apache.tomcat.util.threads.ThreadPoolExecutor$Worker.run(ThreadPoolExecutor.java:659)
	at org.apache.tomcat.util.threads.TaskThread$WrappingRunnable.run(TaskThread.java:63)
	at java.base/java.lang.Thread.run(Thread.java:1474)
19:46:02.584 [http-nio-8082-exec-5] WARN  o.s.w.s.m.m.a.ExceptionHandlerExceptionResolver - Resolved [org.springframework.web.servlet.resource.NoResourceFoundException: No static resource .well-known/camunda-automation-platform/webapps.]
19:46:03.598 [scheduling-1] INFO  o.u.i.config.DeploymentJsonLogger - [DeploymentJsonLogger] New deployment 'Collaboration_1e30tvj' (b0e446ae-91be-11f1-a862-a85e45beb1b5) has JSON resources: [UniversityMap.json]
19:46:03.599 [scheduling-1] INFO  o.u.i.s.e.EnvironmentDataService - [EnvironmentDataService] Environment loaded from deployment JSON 'b0e446ae-91be-11f1-a862-a85e45beb1b5/UniversityMap.json' with 13 places, 4 logical places
19:46:03.600 [scheduling-1] INFO  o.u.i.config.DeploymentJsonLogger - [DeploymentJsonLogger] Applied deployment JSON 'b0e446ae-91be-11f1-a862-a85e45beb1b5/UniversityMap.json' (environmentApplied=true, participantsLoaded=0)
19:46:03.621 [scheduling-1] INFO  o.u.i.config.DeploymentJsonLogger - [DeploymentJsonLogger] Collaboration participants in 'diagramBEE.bpmn' (deployment=b0e446ae-91be-11f1-a862-a85e45beb1b5):
19:46:03.622 [scheduling-1] INFO  o.u.i.config.DeploymentJsonLogger - [DeploymentJsonLogger] - participantId='Participant_0q1sid6', participantName='Player Team1'
19:46:03.622 [scheduling-1] INFO  o.u.i.config.DeploymentJsonLogger - [DeploymentJsonLogger] - participantId='Participant_0iebfgm', participantName='Ally Player Team1'
19:46:03.622 [scheduling-1] INFO  o.u.i.config.DeploymentJsonLogger - [DeploymentJsonLogger] - participantId='Participant_1mq5hg5', participantName='Player Team2'
19:46:03.622 [scheduling-1] INFO  o.u.i.config.DeploymentJsonLogger - [DeploymentJsonLogger] - participantId='Participant_1fxcd7o', participantName='Ally Player Team2'
19:46:03.622 [scheduling-1] INFO  o.u.i.s.p.ParticipantDataService - [ParticipantDataService] Merged participants from source 'b0e446ae-91be-11f1-a862-a85e45beb1b5/collaboration-participants' -> added 0, total 4
19:46:03.622 [scheduling-1] INFO  o.u.i.config.DeploymentJsonLogger - [DeploymentJsonLogger] Merged BPMN collaboration participants for deployment b0e446ae-91be-11f1-a862-a85e45beb1b5 (added=0)
19:46:22.343 [http-nio-8082-exec-1] INFO  org.camunda.bpm.engine.bpmn.parser - ENGINE-01002 Ignoring non-executable process with id 'Process_1vglwxn'. Set the attribute isExecutable="true" to deploy this process.
19:46:22.344 [http-nio-8082-exec-1] INFO  org.camunda.bpm.engine.bpmn.parser - ENGINE-01002 Ignoring non-executable process with id 'Process_0n0g83c'. Set the attribute isExecutable="true" to deploy this process.
19:46:22.344 [http-nio-8082-exec-1] INFO  org.camunda.bpm.engine.bpmn.parser - ENGINE-01002 Ignoring non-executable process with id 'Process_181gju4'. Set the attribute isExecutable="true" to deploy this process.
19:46:22.344 [http-nio-8082-exec-1] INFO  org.camunda.bpm.engine.bpmn.parser - ENGINE-01002 Ignoring non-executable process with id 'Process_193qi7r'. Set the attribute isExecutable="true" to deploy this process.
19:46:22.613 [http-nio-8082-exec-3] ERROR o.u.i.e.GlobalExceptionHandler - [Unexpected Error] No static resource .well-known/camunda-automation-platform/webapps.
org.springframework.web.servlet.resource.NoResourceFoundException: No static resource .well-known/camunda-automation-platform/webapps.
	at org.springframework.web.servlet.resource.ResourceHttpRequestHandler.handleRequest(ResourceHttpRequestHandler.java:585)
	at org.springframework.web.servlet.mvc.HttpRequestHandlerAdapter.handle(HttpRequestHandlerAdapter.java:52)
	at org.springframework.web.servlet.DispatcherServlet.doDispatch(DispatcherServlet.java:1089)
	at org.springframework.web.servlet.DispatcherServlet.doService(DispatcherServlet.java:979)
	at org.springframework.web.servlet.FrameworkServlet.processRequest(FrameworkServlet.java:1014)
	at org.springframework.web.servlet.FrameworkServlet.doGet(FrameworkServlet.java:903)
	at jakarta.servlet.http.HttpServlet.service(HttpServlet.java:564)
	at org.springframework.web.servlet.FrameworkServlet.service(FrameworkServlet.java:885)
	at jakarta.servlet.http.HttpServlet.service(HttpServlet.java:658)
	at org.apache.catalina.core.ApplicationFilterChain.internalDoFilter(ApplicationFilterChain.java:206)
	at org.apache.catalina.core.ApplicationFilterChain.doFilter(ApplicationFilterChain.java:150)
	at org.apache.tomcat.websocket.server.WsFilter.doFilter(WsFilter.java:51)
	at org.apache.catalina.core.ApplicationFilterChain.internalDoFilter(ApplicationFilterChain.java:175)
	at org.apache.catalina.core.ApplicationFilterChain.doFilter(ApplicationFilterChain.java:150)
	at org.springframework.web.filter.RequestContextFilter.doFilterInternal(RequestContextFilter.java:100)
	at org.springframework.web.filter.OncePerRequestFilter.doFilter(OncePerRequestFilter.java:116)
	at org.apache.catalina.core.ApplicationFilterChain.internalDoFilter(ApplicationFilterChain.java:175)
	at org.apache.catalina.core.ApplicationFilterChain.doFilter(ApplicationFilterChain.java:150)
	at org.springframework.web.filter.CompositeFilter$VirtualFilterChain.doFilter(CompositeFilter.java:108)
	at org.springframework.security.web.FilterChainProxy.lambda$doFilterInternal$3(FilterChainProxy.java:231)
	at org.springframework.security.web.ObservationFilterChainDecorator$FilterObservation$SimpleFilterObservation.lambda$wrap$1(ObservationFilterChainDecorator.java:479)
	at org.springframework.security.web.ObservationFilterChainDecorator$AroundFilterObservation$SimpleAroundFilterObservation.lambda$wrap$1(ObservationFilterChainDecorator.java:340)
	at org.springframework.security.web.ObservationFilterChainDecorator.lambda$wrapSecured$0(ObservationFilterChainDecorator.java:82)
	at org.springframework.security.web.ObservationFilterChainDecorator$VirtualFilterChain.doFilter(ObservationFilterChainDecorator.java:128)
	at org.springframework.security.web.access.intercept.AuthorizationFilter.doFilter(AuthorizationFilter.java:100)
	at org.springframework.security.web.ObservationFilterChainDecorator$ObservationFilter.wrapFilter(ObservationFilterChainDecorator.java:240)
	at org.springframework.security.web.ObservationFilterChainDecorator$ObservationFilter.doFilter(ObservationFilterChainDecorator.java:227)
	at org.springframework.security.web.ObservationFilterChainDecorator$VirtualFilterChain.doFilter(ObservationFilterChainDecorator.java:137)
	at org.springframework.security.web.access.ExceptionTranslationFilter.doFilter(ExceptionTranslationFilter.java:126)
	at org.springframework.security.web.access.ExceptionTranslationFilter.doFilter(ExceptionTranslationFilter.java:120)
	at org.springframework.security.web.ObservationFilterChainDecorator$ObservationFilter.wrapFilter(ObservationFilterChainDecorator.java:240)
	at org.springframework.security.web.ObservationFilterChainDecorator$ObservationFilter.doFilter(ObservationFilterChainDecorator.java:227)
	at org.springframework.security.web.ObservationFilterChainDecorator$VirtualFilterChain.doFilter(ObservationFilterChainDecorator.java:137)
	at org.springframework.security.web.authentication.AnonymousAuthenticationFilter.doFilter(AnonymousAuthenticationFilter.java:100)
	at org.springframework.security.web.ObservationFilterChainDecorator$ObservationFilter.wrapFilter(ObservationFilterChainDecorator.java:240)
	at org.springframework.security.web.ObservationFilterChainDecorator$ObservationFilter.doFilter(ObservationFilterChainDecorator.java:227)
	at org.springframework.security.web.ObservationFilterChainDecorator$VirtualFilterChain.doFilter(ObservationFilterChainDecorator.java:137)
	at org.springframework.security.web.servletapi.SecurityContextHolderAwareRequestFilter.doFilter(SecurityContextHolderAwareRequestFilter.java:179)
	at org.springframework.security.web.ObservationFilterChainDecorator$ObservationFilter.wrapFilter(ObservationFilterChainDecorator.java:240)
	at org.springframework.security.web.ObservationFilterChainDecorator$ObservationFilter.doFilter(ObservationFilterChainDecorator.java:227)
	at org.springframework.security.web.ObservationFilterChainDecorator$VirtualFilterChain.doFilter(ObservationFilterChainDecorator.java:137)
	at org.springframework.security.web.savedrequest.RequestCacheAwareFilter.doFilter(RequestCacheAwareFilter.java:63)
	at org.springframework.security.web.ObservationFilterChainDecorator$ObservationFilter.wrapFilter(ObservationFilterChainDecorator.java:240)
	at org.springframework.security.web.ObservationFilterChainDecorator$ObservationFilter.doFilter(ObservationFilterChainDecorator.java:227)
	at org.springframework.security.web.ObservationFilterChainDecorator$VirtualFilterChain.doFilter(ObservationFilterChainDecorator.java:137)
	at org.springframework.security.web.authentication.logout.LogoutFilter.doFilter(LogoutFilter.java:107)
	at org.springframework.security.web.authentication.logout.LogoutFilter.doFilter(LogoutFilter.java:93)
	at org.springframework.security.web.ObservationFilterChainDecorator$ObservationFilter.wrapFilter(ObservationFilterChainDecorator.java:240)
	at org.springframework.security.web.ObservationFilterChainDecorator$ObservationFilter.doFilter(ObservationFilterChainDecorator.java:227)
	at org.springframework.security.web.ObservationFilterChainDecorator$VirtualFilterChain.doFilter(ObservationFilterChainDecorator.java:137)
	at org.springframework.web.filter.CorsFilter.doFilterInternal(CorsFilter.java:91)
	at org.springframework.web.filter.OncePerRequestFilter.doFilter(OncePerRequestFilter.java:116)
	at org.springframework.security.web.ObservationFilterChainDecorator$ObservationFilter.wrapFilter(ObservationFilterChainDecorator.java:240)
	at org.springframework.security.web.ObservationFilterChainDecorator$ObservationFilter.doFilter(ObservationFilterChainDecorator.java:227)
	at org.springframework.security.web.ObservationFilterChainDecorator$VirtualFilterChain.doFilter(ObservationFilterChainDecorator.java:137)
	at org.springframework.security.web.header.HeaderWriterFilter.doHeadersAfter(HeaderWriterFilter.java:90)
	at org.springframework.security.web.header.HeaderWriterFilter.doFilterInternal(HeaderWriterFilter.java:75)
	at org.springframework.web.filter.OncePerRequestFilter.doFilter(OncePerRequestFilter.java:116)
	at org.springframework.security.web.ObservationFilterChainDecorator$ObservationFilter.wrapFilter(ObservationFilterChainDecorator.java:240)
	at org.springframework.security.web.ObservationFilterChainDecorator$ObservationFilter.doFilter(ObservationFilterChainDecorator.java:227)
	at org.springframework.security.web.ObservationFilterChainDecorator$VirtualFilterChain.doFilter(ObservationFilterChainDecorator.java:137)
	at org.springframework.security.web.context.SecurityContextHolderFilter.doFilter(SecurityContextHolderFilter.java:82)
	at org.springframework.security.web.context.SecurityContextHolderFilter.doFilter(SecurityContextHolderFilter.java:69)
	at org.springframework.security.web.ObservationFilterChainDecorator$ObservationFilter.wrapFilter(ObservationFilterChainDecorator.java:240)
	at org.springframework.security.web.ObservationFilterChainDecorator$ObservationFilter.doFilter(ObservationFilterChainDecorator.java:227)
	at org.springframework.security.web.ObservationFilterChainDecorator$VirtualFilterChain.doFilter(ObservationFilterChainDecorator.java:137)
	at org.springframework.security.web.context.request.async.WebAsyncManagerIntegrationFilter.doFilterInternal(WebAsyncManagerIntegrationFilter.java:62)
	at org.springframework.web.filter.OncePerRequestFilter.doFilter(OncePerRequestFilter.java:116)
	at org.springframework.security.web.ObservationFilterChainDecorator$ObservationFilter.wrapFilter(ObservationFilterChainDecorator.java:240)
	at org.springframework.security.web.ObservationFilterChainDecorator$ObservationFilter.doFilter(ObservationFilterChainDecorator.java:227)
	at org.springframework.security.web.ObservationFilterChainDecorator$VirtualFilterChain.doFilter(ObservationFilterChainDecorator.java:137)
	at org.springframework.security.web.session.DisableEncodeUrlFilter.doFilterInternal(DisableEncodeUrlFilter.java:42)
	at org.springframework.web.filter.OncePerRequestFilter.doFilter(OncePerRequestFilter.java:116)
	at org.springframework.security.web.ObservationFilterChainDecorator$ObservationFilter.wrapFilter(ObservationFilterChainDecorator.java:240)
	at org.springframework.security.web.ObservationFilterChainDecorator$AroundFilterObservation$SimpleAroundFilterObservation.lambda$wrap$0(ObservationFilterChainDecorator.java:323)
	at org.springframework.security.web.ObservationFilterChainDecorator$ObservationFilter.doFilter(ObservationFilterChainDecorator.java:224)
	at org.springframework.security.web.ObservationFilterChainDecorator$VirtualFilterChain.doFilter(ObservationFilterChainDecorator.java:137)
	at org.springframework.security.web.FilterChainProxy.doFilterInternal(FilterChainProxy.java:233)
	at org.springframework.security.web.FilterChainProxy.doFilter(FilterChainProxy.java:191)
	at org.springframework.web.filter.CompositeFilter$VirtualFilterChain.doFilter(CompositeFilter.java:113)
	at org.springframework.web.servlet.handler.HandlerMappingIntrospector.lambda$createCacheFilter$3(HandlerMappingIntrospector.java:195)
	at org.springframework.web.filter.CompositeFilter$VirtualFilterChain.doFilter(CompositeFilter.java:113)
	at org.springframework.web.filter.CompositeFilter.doFilter(CompositeFilter.java:74)
	at org.springframework.security.config.annotation.web.configuration.WebMvcSecurityConfiguration$CompositeFilterChainProxy.doFilter(WebMvcSecurityConfiguration.java:230)
	at org.springframework.web.filter.DelegatingFilterProxy.invokeDelegate(DelegatingFilterProxy.java:352)
	at org.springframework.web.filter.DelegatingFilterProxy.doFilter(DelegatingFilterProxy.java:268)
	at org.apache.catalina.core.ApplicationFilterChain.internalDoFilter(ApplicationFilterChain.java:175)
	at org.apache.catalina.core.ApplicationFilterChain.doFilter(ApplicationFilterChain.java:150)
	at org.springframework.web.filter.FormContentFilter.doFilterInternal(FormContentFilter.java:93)
	at org.springframework.web.filter.OncePerRequestFilter.doFilter(OncePerRequestFilter.java:116)
	at org.apache.catalina.core.ApplicationFilterChain.internalDoFilter(ApplicationFilterChain.java:175)
	at org.apache.catalina.core.ApplicationFilterChain.doFilter(ApplicationFilterChain.java:150)
	at org.springframework.web.filter.ServerHttpObservationFilter.doFilterInternal(ServerHttpObservationFilter.java:109)
	at org.springframework.web.filter.OncePerRequestFilter.doFilter(OncePerRequestFilter.java:116)
	at org.apache.catalina.core.ApplicationFilterChain.internalDoFilter(ApplicationFilterChain.java:175)
	at org.apache.catalina.core.ApplicationFilterChain.doFilter(ApplicationFilterChain.java:150)
	at org.springframework.web.filter.CharacterEncodingFilter.doFilterInternal(CharacterEncodingFilter.java:201)
	at org.springframework.web.filter.OncePerRequestFilter.doFilter(OncePerRequestFilter.java:116)
	at org.apache.catalina.core.ApplicationFilterChain.internalDoFilter(ApplicationFilterChain.java:175)
	at org.apache.catalina.core.ApplicationFilterChain.doFilter(ApplicationFilterChain.java:150)
	at org.apache.catalina.core.StandardWrapperValve.invoke(StandardWrapperValve.java:167)
	at org.apache.catalina.core.StandardContextValve.invoke(StandardContextValve.java:90)
	at org.apache.catalina.authenticator.AuthenticatorBase.invoke(AuthenticatorBase.java:482)
	at org.apache.catalina.core.StandardHostValve.invoke(StandardHostValve.java:115)
	at org.apache.catalina.valves.ErrorReportValve.invoke(ErrorReportValve.java:93)
	at org.apache.catalina.core.StandardEngineValve.invoke(StandardEngineValve.java:74)
	at org.apache.catalina.connector.CoyoteAdapter.service(CoyoteAdapter.java:344)
	at org.apache.coyote.http11.Http11Processor.service(Http11Processor.java:391)
	at org.apache.coyote.AbstractProcessorLight.process(AbstractProcessorLight.java:63)
	at org.apache.coyote.AbstractProtocol$ConnectionHandler.process(AbstractProtocol.java:896)
	at org.apache.tomcat.util.net.NioEndpoint$SocketProcessor.doRun(NioEndpoint.java:1736)
	at org.apache.tomcat.util.net.SocketProcessorBase.run(SocketProcessorBase.java:52)
	at org.apache.tomcat.util.threads.ThreadPoolExecutor.runWorker(ThreadPoolExecutor.java:1191)
	at org.apache.tomcat.util.threads.ThreadPoolExecutor$Worker.run(ThreadPoolExecutor.java:659)
	at org.apache.tomcat.util.threads.TaskThread$WrappingRunnable.run(TaskThread.java:63)
	at java.base/java.lang.Thread.run(Thread.java:1474)
19:46:22.618 [http-nio-8082-exec-3] WARN  o.s.w.s.m.m.a.ExceptionHandlerExceptionResolver - Resolved [org.springframework.web.servlet.resource.NoResourceFoundException: No static resource .well-known/camunda-automation-platform/webapps.]
19:46:23.700 [scheduling-1] INFO  o.u.i.config.DeploymentJsonLogger - [DeploymentJsonLogger] New deployment 'diagramBEE.bpmn' (bcd81f01-91be-11f1-a862-a85e45beb1b5) has JSON resources: [UniversityMap.json]
19:46:23.701 [scheduling-1] INFO  o.u.i.s.e.EnvironmentDataService - [EnvironmentDataService] Environment loaded from deployment JSON 'bcd81f01-91be-11f1-a862-a85e45beb1b5/UniversityMap.json' with 13 places, 4 logical places
19:46:23.702 [scheduling-1] INFO  o.u.i.config.DeploymentJsonLogger - [DeploymentJsonLogger] Applied deployment JSON 'bcd81f01-91be-11f1-a862-a85e45beb1b5/UniversityMap.json' (environmentApplied=true, participantsLoaded=0)
19:46:23.722 [scheduling-1] INFO  o.u.i.config.DeploymentJsonLogger - [DeploymentJsonLogger] Collaboration participants in 'diagramBEE.bpmn' (deployment=bcd81f01-91be-11f1-a862-a85e45beb1b5):
19:46:23.722 [scheduling-1] INFO  o.u.i.config.DeploymentJsonLogger - [DeploymentJsonLogger] - participantId='Participant_0q1sid6', participantName='Player Team1'
19:46:23.722 [scheduling-1] INFO  o.u.i.config.DeploymentJsonLogger - [DeploymentJsonLogger] - participantId='Participant_0iebfgm', participantName='Ally Player Team1'
19:46:23.722 [scheduling-1] INFO  o.u.i.config.DeploymentJsonLogger - [DeploymentJsonLogger] - participantId='Participant_1mq5hg5', participantName='Player Team2'
19:46:23.722 [scheduling-1] INFO  o.u.i.config.DeploymentJsonLogger - [DeploymentJsonLogger] - participantId='Participant_1fxcd7o', participantName='Ally Player Team2'
19:46:23.722 [scheduling-1] INFO  o.u.i.s.p.ParticipantDataService - [ParticipantDataService] Merged participants from source 'bcd81f01-91be-11f1-a862-a85e45beb1b5/collaboration-participants' -> added 0, total 4
19:46:23.722 [scheduling-1] INFO  o.u.i.config.DeploymentJsonLogger - [DeploymentJsonLogger] Merged BPMN collaboration participants for deployment bcd81f01-91be-11f1-a862-a85e45beb1b5 (added=0)
19:46:38.899 [SpringApplicationShutdownHook] INFO  org.camunda.bpm.engine.jobexecutor - ENGINE-14015 Shutting down the JobExecutor[org.camunda.bpm.engine.spring.components.jobexecutor.SpringJobExecutor]
19:46:38.900 [JobExecutor[org.camunda.bpm.engine.spring.components.jobexecutor.SpringJobExecutor]] INFO  org.camunda.bpm.engine.jobexecutor - ENGINE-14020 JobExecutor[org.camunda.bpm.engine.spring.components.jobexecutor.SpringJobExecutor] stopped job acquisition
19:46:38.902 [SpringApplicationShutdownHook] INFO  org.camunda.bpm.engine - ENGINE-00007 Process Engine default closed
19:46:38.903 [SpringApplicationShutdownHook] INFO  o.s.j.d.e.EmbeddedDatabaseFactory - Shutting down embedded database: url='jdbc:h2:mem:bd7facc3-38c5-42ca-b5ee-b6de5d3379e7;DB_CLOSE_DELAY=-1;DB_CLOSE_ON_EXIT=false'
